name,club,position,price_current,availibility_status,availibility_last_changed,availibility_percentage,price_last_changed,price_change_amount
Leno,ARS,GKP,4.5,Available,Jan 04 2022 21:08:53 GMT+0600,100,Jan 04 2022 21:08:53 GMT+0600,0
Rúnarsson,ARS,GKP,4,NotAvail,Jan 04 2022 21:08:53 GMT+0600,0,Jan 04 2022 21:08:53 GMT+0601,0
Willian,ARS,MID,6.3,NotAvail,Jan 04 2022 21:08:53 GMT+0600,0,Jan 04 2022 21:08:53 GMT+0602,-0.2
Aubameyang,ARS,FWD,9.6,Available,Jan 04 2022 21:08:53 GMT+0600,100,Jan 04 2022 21:08:53 GMT+0603,0.1
Cédric,ARS,DEF,4.2,Available,Jan 04 2022 21:08:53 GMT+0600,100,Jan 04 2022 21:08:53 GMT+0604,0.2
Lacazette,ARS,FWD,8.4,Available,Jan 04 2022 21:08:53 GMT+0600,100,Jan 04 2022 21:08:53 GMT+0605,-0.1
Xhaka,ARS,MID,4.8,Available,Jan 04 2022 21:08:53 GMT+0600,100,Jan 04 2022 21:08:53 GMT+0606,-0.2
Marí,ARS,DEF,4.2,Doubtful,Jan 04 2022 21:08:53 GMT+0600,75,Jan 04 2022 21:08:53 GMT+0607,0.2
Bellerín,ARS,DEF,4.8,NotAvail,Jan 04 2022 21:08:53 GMT+0600,0,Jan 04 2022 21:08:53 GMT+0608,-0.2
Chambers,ARS,DEF,4.2,Injured,Jan 04 2022 21:08:53 GMT+0600,50,Jan 04 2022 21:08:53 GMT+0609,0.2
Kolasinac,ARS,DEF,4.3,Injured,Jan 04 2022 21:08:53 GMT+0600,50,Jan 04 2022 21:08:53 GMT+0610,-0.2
Elneny,ARS,MID,4.4,Available,Jan 04 2022 21:08:53 GMT+0600,100,Jan 04 2022 21:08:53 GMT+0611,-0.1
Maitland-Niles,ARS,MID,5.2,Doubtful,Jan 04 2022 21:08:53 GMT+0600,75,Jan 04 2022 21:08:53 GMT+0612,0.2
Holding,ARS,DEF,4.1,Available,Jan 04 2022 21:08:53 GMT+0600,100,Jan 04 2022 21:08:53 GMT+0613,0.1
Partey,ARS,MID,5,Available,Jan 04 2022 21:08:53 GMT+0600,100,Jan 04 2022 21:08:53 GMT+0614,0
Tierney,ARS,DEF,4.8,Available,Jan 04 2022 21:08:53 GMT+0600,100,Jan 04 2022 21:08:53 GMT+0615,-0.2
Pépé,ARS,MID,6.9,Available,Jan 04 2022 21:08:53 GMT+0600,100,Jan 04 2022 21:08:53 GMT+0616,-0.1
Torreira,ARS,MID,4.5,NotAvail,Jan 04 2022 21:08:53 GMT+0600,0,Jan 04 2022 21:08:53 GMT+0617,0
Nketiah,ARS,FWD,5.4,Available,Jan 04 2022 21:08:53 GMT+0600,100,Jan 04 2022 21:08:53 GMT+0618,-0.1
Smith Rowe,ARS,MID,6.1,Available,Jan 04 2022 21:08:53 GMT+0600,100,Jan 04 2022 21:08:53 GMT+0619,0.1
Saka,ARS,MID,6.3,Available,Jan 04 2022 21:08:53 GMT+0600,100,Jan 04 2022 21:08:53 GMT+0620,-0.2
Gabriel,ARS,DEF,5.3,Available,Jan 04 2022 21:08:53 GMT+0600,100,Jan 04 2022 21:08:53 GMT+0621,-0.2
Mavropanos,ARS,DEF,4.5,NotAvail,Jan 04 2022 21:08:53 GMT+0600,0,Jan 04 2022 21:08:53 GMT+0622,0
Guendouzi,ARS,MID,4.5,NotAvail,Jan 04 2022 21:08:53 GMT+0600,0,Jan 04 2022 21:08:53 GMT+0623,0
Martinelli,ARS,MID,5.3,Available,Jan 04 2022 21:08:53 GMT+0600,100,Jan 04 2022 21:08:53 GMT+0624,-0.2
Saliba,ARS,DEF,4.5,NotAvail,Jan 04 2022 21:08:53 GMT+0600,0,Jan 04 2022 21:08:53 GMT+0625,0
White,ARS,DEF,4.5,Available,Jan 04 2022 21:08:53 GMT+0600,100,Jan 04 2022 21:08:53 GMT+0626,0
Tavares,ARS,DEF,4.3,Available,Jan 04 2022 21:08:53 GMT+0600,100,Jan 04 2022 21:08:53 GMT+0627,-0.2
Sambi Lokonga,ARS,MID,4.8,Doubtful,Jan 04 2022 21:08:53 GMT+0600,75,Jan 04 2022 21:08:53 GMT+0628,-0.2
Balogun,ARS,FWD,4.7,Available,Jan 04 2022 21:08:53 GMT+0600,100,Jan 04 2022 21:08:53 GMT+0629,0.2
Nelson,ARS,MID,5,NotAvail,Jan 04 2022 21:08:53 GMT+0600,0,Jan 04 2022 21:08:53 GMT+0630,0
Hein,ARS,GKP,4,Available,Jan 04 2022 21:08:53 GMT+0600,100,Jan 04 2022 21:08:53 GMT+0631,0
Ødegaard,ARS,MID,5.6,Available,Jan 04 2022 21:08:53 GMT+0600,100,Jan 04 2022 21:08:53 GMT+0632,0.1
Ramsdale,ARS,GKP,5.1,Available,Jan 04 2022 21:08:53 GMT+0600,100,Jan 04 2022 21:08:53 GMT+0633,0.1
Okonkwo,ARS,GKP,4,Available,Jan 04 2022 21:08:53 GMT+0600,100,Jan 04 2022 21:08:53 GMT+0634,0
Tomiyasu,ARS,DEF,4.8,Doubtful,Jan 04 2022 21:08:53 GMT+0600,75,Jan 04 2022 21:08:53 GMT+0635,-0.2
Steer,AVL,GKP,4,Available,Jan 04 2022 21:08:53 GMT+0600,100,Jan 04 2022 21:08:53 GMT+0636,0
Hourihane,AVL,MID,4.9,NotAvail,Jan 04 2022 21:08:53 GMT+0600,0,Jan 04 2022 21:08:53 GMT+0637,-0.1
Martínez,AVL,GKP,5.5,Available,Jan 04 2022 21:08:53 GMT+0600,100,Jan 04 2022 21:08:53 GMT+0638,0
Engels,AVL,DEF,4.5,NotAvail,Jan 04 2022 21:08:53 GMT+0600,0,Jan 04 2022 21:08:53 GMT+0639,0
Traoré,AVL,MID,5.7,Injured,Jan 04 2022 21:08:53 GMT+0600,50,Jan 04 2022 21:08:53 GMT+0640,0.2
Sanson,AVL,MID,5,Doubtful,Jan 04 2022 21:08:53 GMT+0600,75,Jan 04 2022 21:08:53 GMT+0641,0
McGinn,AVL,MID,5.9,Available,Jan 04 2022 21:08:53 GMT+0600,100,Jan 04 2022 21:08:53 GMT+0642,-0.1
Hause,AVL,DEF,4.4,Available,Jan 04 2022 21:08:53 GMT+0600,100,Jan 04 2022 21:08:53 GMT+0643,-0.1
Trézéguet,AVL,MID,5.4,Available,Jan 04 2022 21:08:53 GMT+0600,100,Jan 04 2022 21:08:53 GMT+0644,-0.1
Mings,AVL,DEF,5,Available,Jan 04 2022 21:08:53 GMT+0600,100,Jan 04 2022 21:08:53 GMT+0645,0
Targett,AVL,DEF,4.7,Available,Jan 04 2022 21:08:53 GMT+0600,100,Jan 04 2022 21:08:53 GMT+0646,0.2
Watkins,AVL,FWD,7.9,Available,Jan 04 2022 21:08:53 GMT+0600,100,Jan 04 2022 21:08:53 GMT+0647,-0.1
Nakamba,AVL,MID,4.5,Injured,Jan 04 2022 21:08:53 GMT+0600,50,Jan 04 2022 21:08:53 GMT+0648,0
El Ghazi,AVL,MID,5.6,Doubtful,Jan 04 2022 21:08:53 GMT+0600,75,Jan 04 2022 21:08:53 GMT+0649,0.1
Buendía,AVL,MID,6.2,Available,Jan 04 2022 21:08:53 GMT+0600,100,Jan 04 2022 21:08:53 GMT+0650,0.2
Cash,AVL,DEF,5,Available,Jan 04 2022 21:08:53 GMT+0600,100,Jan 04 2022 21:08:53 GMT+0651,0
Konsa,AVL,DEF,4.9,Available,Jan 04 2022 21:08:53 GMT+0600,100,Jan 04 2022 21:08:53 GMT+0652,-0.1
Guilbert,AVL,DEF,4.5,NotAvail,Jan 04 2022 21:08:53 GMT+0600,0,Jan 04 2022 21:08:53 GMT+0653,0
Wesley,AVL,FWD,5.4,NotAvail,Jan 04 2022 21:08:53 GMT+0600,0,Jan 04 2022 21:08:53 GMT+0654,-0.1
Samatta,AVL,FWD,5.5,NotAvail,Jan 04 2022 21:08:53 GMT+0600,0,Jan 04 2022 21:08:53 GMT+0655,0
Davis,AVL,FWD,4.5,Doubtful,Jan 04 2022 21:08:53 GMT+0600,75,Jan 04 2022 21:08:53 GMT+0656,0
Douglas Luiz,AVL,MID,4.5,Available,Jan 04 2022 21:08:53 GMT+0600,100,Jan 04 2022 21:08:53 GMT+0657,0
Ramsey,AVL,MID,4.5,Available,Jan 04 2022 21:08:53 GMT+0600,100,Jan 04 2022 21:08:53 GMT+0658,0
Young,AVL,DEF,4.7,Doubtful,Jan 04 2022 21:08:53 GMT+0600,75,Jan 04 2022 21:08:53 GMT+0659,0.2
Tuanzebe,AVL,DEF,4.4,Available,Jan 04 2022 21:08:53 GMT+0600,100,Jan 04 2022 21:08:53 GMT+0660,-0.1
Ings,AVL,FWD,7.7,Available,Jan 04 2022 21:08:53 GMT+0600,100,Jan 04 2022 21:08:53 GMT+0661,0.2
Bailey,AVL,MID,6.3,Injured,Jan 04 2022 21:08:53 GMT+0600,50,Jan 04 2022 21:08:53 GMT+0662,-0.2
Ramsey,AVL,MID,4.4,Available,Jan 04 2022 21:08:53 GMT+0600,100,Jan 04 2022 21:08:53 GMT+0663,-0.1
Philogene-Bidace,AVL,MID,5,Available,Jan 04 2022 21:08:53 GMT+0600,100,Jan 04 2022 21:08:53 GMT+0664,0
Chukwuemeka,AVL,MID,4.5,Available,Jan 04 2022 21:08:53 GMT+0600,100,Jan 04 2022 21:08:53 GMT+0665,0
Archer,AVL,FWD,4.5,Available,Jan 04 2022 21:08:53 GMT+0600,100,Jan 04 2022 21:08:53 GMT+0666,0
Sinisalo,AVL,GKP,4,Available,Jan 04 2022 21:08:53 GMT+0600,100,Jan 04 2022 21:08:53 GMT+0667,0
Bogarde,AVL,DEF,4,Available,Jan 04 2022 21:08:53 GMT+0600,100,Jan 04 2022 21:08:53 GMT+0668,0
Iroegbunam,AVL,MID,4.5,Available,Jan 04 2022 21:08:53 GMT+0600,100,Jan 04 2022 21:08:53 GMT+0669,0
Marschall,AVL,GKP,4,Available,Jan 04 2022 21:08:53 GMT+0600,100,Jan 04 2022 21:08:53 GMT+0670,0
Jansson,BRE,DEF,4.6,Available,Jan 04 2022 21:08:53 GMT+0600,100,Jan 04 2022 21:08:53 GMT+0671,0.1
Nørgaard,BRE,MID,5,Available,Jan 04 2022 21:08:53 GMT+0600,100,Jan 04 2022 21:08:53 GMT+0672,0
Toney,BRE,FWD,6.6,Available,Jan 04 2022 21:08:53 GMT+0600,100,Jan 04 2022 21:08:53 GMT+0673,0.1
Fosu,BRE,MID,5.1,Injured,Jan 04 2022 21:08:53 GMT+0600,50,Jan 04 2022 21:08:53 GMT+0674,0.1
Raya,BRE,GKP,4.4,Injured,Jan 04 2022 21:08:53 GMT+0600,50,Jan 04 2022 21:08:53 GMT+0675,-0.1
Canós,BRE,MID,5.5,Available,Jan 04 2022 21:08:53 GMT+0600,100,Jan 04 2022 21:08:53 GMT+0676,0
Dasilva,BRE,MID,5.3,Injured,Jan 04 2022 21:08:53 GMT+0600,50,Jan 04 2022 21:08:53 GMT+0677,-0.2
Henry,BRE,DEF,4.5,Available,Jan 04 2022 21:08:53 GMT+0600,100,Jan 04 2022 21:08:53 GMT+0678,0
Janelt,BRE,MID,5,Available,Jan 04 2022 21:08:53 GMT+0600,100,Jan 04 2022 21:08:53 GMT+0679,0
Ghoddos,BRE,MID,5.3,Available,Jan 04 2022 21:08:53 GMT+0600,100,Jan 04 2022 21:08:53 GMT+0680,-0.2
Jensen,BRE,MID,4.9,Available,Jan 04 2022 21:08:53 GMT+0600,100,Jan 04 2022 21:08:53 GMT+0681,-0.1
Goode,BRE,DEF,3.9,Available,Jan 04 2022 21:08:53 GMT+0600,100,Jan 04 2022 21:08:53 GMT+0682,-0.1
Forss,BRE,FWD,5.3,Available,Jan 04 2022 21:08:53 GMT+0600,100,Jan 04 2022 21:08:53 GMT+0683,-0.2
Roerslev,BRE,DEF,4.3,Available,Jan 04 2022 21:08:53 GMT+0600,100,Jan 04 2022 21:08:53 GMT+0684,-0.2
Sørensen,BRE,DEF,4.3,Available,Jan 04 2022 21:08:53 GMT+0600,100,Jan 04 2022 21:08:53 GMT+0685,-0.2
Pinnock,BRE,DEF,4.5,Available,Jan 04 2022 21:08:53 GMT+0600,100,Jan 04 2022 21:08:53 GMT+0686,0
Balcombe,BRE,GKP,4,NotAvail,Jan 04 2022 21:08:53 GMT+0600,0,Jan 04 2022 21:08:53 GMT+0687,0
Zamburek,BRE,MID,4.4,Available,Jan 04 2022 21:08:53 GMT+0600,100,Jan 04 2022 21:08:53 GMT+0688,-0.1
Gunnarsson,BRE,GKP,3.9,NotAvail,Jan 04 2022 21:08:53 GMT+0600,0,Jan 04 2022 21:08:53 GMT+0689,-0.1
Dervişoğlu,BRE,FWD,5.4,NotAvail,Jan 04 2022 21:08:53 GMT+0600,0,Jan 04 2022 21:08:53 GMT+0690,-0.1
Mbeumo,BRE,MID,5.4,Available,Jan 04 2022 21:08:53 GMT+0600,100,Jan 04 2022 21:08:53 GMT+0691,-0.1
Bidstrup,BRE,MID,4.4,Available,Jan 04 2022 21:08:53 GMT+0600,100,Jan 04 2022 21:08:53 GMT+0692,-0.1
Onyeka,BRE,MID,4.9,Available,Jan 04 2022 21:08:53 GMT+0600,100,Jan 04 2022 21:08:53 GMT+0693,-0.1
Ajer,BRE,DEF,4.4,Injured,Jan 04 2022 21:08:53 GMT+0600,50,Jan 04 2022 21:08:53 GMT+0694,-0.1
Thompson,BRE,DEF,4.4,Available,Jan 04 2022 21:08:53 GMT+0600,100,Jan 04 2022 21:08:53 GMT+0695,-0.1
Baptiste,BRE,MID,4.9,Available,Jan 04 2022 21:08:53 GMT+0600,100,Jan 04 2022 21:08:53 GMT+0696,-0.1
Wissa,BRE,MID,5.9,Available,Jan 04 2022 21:08:53 GMT+0600,100,Jan 04 2022 21:08:53 GMT+0697,-0.1
Fernández,BRE,GKP,4.5,Available,Jan 04 2022 21:08:53 GMT+0600,100,Jan 04 2022 21:08:53 GMT+0698,0
Stevens,BRE,DEF,4,Available,Jan 04 2022 21:08:53 GMT+0600,100,Jan 04 2022 21:08:53 GMT+0699,0
Zanka,BRE,DEF,4.5,Injured,Jan 04 2022 21:08:53 GMT+0600,50,Jan 04 2022 21:08:53 GMT+0700,0
Maghoma,BRE,MID,4.5,Available,Jan 04 2022 21:08:53 GMT+0600,100,Jan 04 2022 21:08:53 GMT+0701,0
Cox,BRE,GKP,4,Available,Jan 04 2022 21:08:53 GMT+0600,100,Jan 04 2022 21:08:53 GMT+0702,0
Haygarth,BRE,MID,4.5,Available,Jan 04 2022 21:08:53 GMT+0600,100,Jan 04 2022 21:08:53 GMT+0703,0
Young-Coombes,BRE,FWD,4.5,Available,Jan 04 2022 21:08:53 GMT+0600,100,Jan 04 2022 21:08:53 GMT+0704,0
Lallana,BHA,MID,5.3,Available,Jan 04 2022 21:08:53 GMT+0600,100,Jan 04 2022 21:08:53 GMT+0705,-0.2
Steele,BHA,GKP,4,Available,Jan 04 2022 21:08:53 GMT+0600,100,Jan 04 2022 21:08:53 GMT+0706,0
Groß,BHA,MID,5.8,Available,Jan 04 2022 21:08:53 GMT+0600,100,Jan 04 2022 21:08:53 GMT+0707,-0.2
Duffy,BHA,DEF,4.1,Available,Jan 04 2022 21:08:53 GMT+0600,100,Jan 04 2022 21:08:53 GMT+0708,0.1
Pröpper,BHA,MID,4.5,NotAvail,Jan 04 2022 21:08:53 GMT+0600,0,Jan 04 2022 21:08:53 GMT+0709,0
Burn,BHA,DEF,4.4,Available,Jan 04 2022 21:08:53 GMT+0600,100,Jan 04 2022 21:08:53 GMT+0710,-0.1
Dunk,BHA,DEF,4.9,Injured,Jan 04 2022 21:08:53 GMT+0600,50,Jan 04 2022 21:08:53 GMT+0711,-0.1
March,BHA,MID,5.3,Available,Jan 04 2022 21:08:53 GMT+0600,100,Jan 04 2022 21:08:53 GMT+0712,-0.2
Webster,BHA,DEF,4.4,Available,Jan 04 2022 21:08:53 GMT+0600,100,Jan 04 2022 21:08:53 GMT+0713,-0.1
Veltman,BHA,DEF,4.2,Doubtful,Jan 04 2022 21:08:53 GMT+0600,75,Jan 04 2022 21:08:53 GMT+0714,0.2
Maupay,BHA,FWD,6.4,Available,Jan 04 2022 21:08:53 GMT+0600,100,Jan 04 2022 21:08:53 GMT+0715,-0.1
Trossard,BHA,MID,6.2,Available,Jan 04 2022 21:08:53 GMT+0600,100,Jan 04 2022 21:08:53 GMT+0716,0.2
Ryan,BHA,GKP,4.5,NotAvail,Jan 04 2022 21:08:53 GMT+0600,0,Jan 04 2022 21:08:53 GMT+0717,0
Jahanbakhsh,BHA,MID,5.5,NotAvail,Jan 04 2022 21:08:53 GMT+0600,0,Jan 04 2022 21:08:53 GMT+0718,0
Bernardo,BHA,DEF,4,NotAvail,Jan 04 2022 21:08:53 GMT+0600,0,Jan 04 2022 21:08:53 GMT+0719,0
Sánchez,BHA,GKP,4.6,Available,Jan 04 2022 21:08:53 GMT+0600,100,Jan 04 2022 21:08:53 GMT+0720,0.1
Bissouma,BHA,MID,4.4,Suspended,Jan 04 2022 21:08:53 GMT+0600,FALSE,Jan 04 2022 21:08:53 GMT+0721,-0.1
Lamptey,BHA,DEF,4.5,Available,Jan 04 2022 21:08:53 GMT+0600,100,Jan 04 2022 21:08:53 GMT+0722,0
Connolly,BHA,FWD,5.3,Available,Jan 04 2022 21:08:53 GMT+0600,100,Jan 04 2022 21:08:53 GMT+0723,-0.2
Alzate,BHA,MID,4.8,Available,Jan 04 2022 21:08:53 GMT+0600,100,Jan 04 2022 21:08:53 GMT+0724,-0.2
Mac Allister,BHA,MID,5.3,Available,Jan 04 2022 21:08:53 GMT+0600,100,Jan 04 2022 21:08:53 GMT+0725,-0.2
Moder,BHA,MID,4.5,Available,Jan 04 2022 21:08:53 GMT+0600,100,Jan 04 2022 21:08:53 GMT+0726,0
Welbeck,BHA,FWD,5.9,Available,Jan 04 2022 21:08:53 GMT+0600,100,Jan 04 2022 21:08:53 GMT+0727,-0.1
Mwepu,BHA,MID,5.9,Available,Jan 04 2022 21:08:53 GMT+0600,100,Jan 04 2022 21:08:53 GMT+0728,-0.1
Scherpen,BHA,GKP,4.5,Available,Jan 04 2022 21:08:53 GMT+0600,100,Jan 04 2022 21:08:53 GMT+0729,0
Andone,BHA,FWD,5,NotAvail,Jan 04 2022 21:08:53 GMT+0600,0,Jan 04 2022 21:08:53 GMT+0730,0
Zeqiri,BHA,FWD,4.5,NotAvail,Jan 04 2022 21:08:53 GMT+0600,0,Jan 04 2022 21:08:53 GMT+0731,0
Karbownik,BHA,DEF,4,NotAvail,Jan 04 2022 21:08:53 GMT+0600,0,Jan 04 2022 21:08:53 GMT+0732,0
Richards,BHA,MID,4.5,Available,Jan 04 2022 21:08:53 GMT+0600,100,Jan 04 2022 21:08:53 GMT+0733,0
Caicedo,BHA,MID,4.5,NotAvail,Jan 04 2022 21:08:53 GMT+0600,0,Jan 04 2022 21:08:53 GMT+0734,0
Roberts,BHA,DEF,4,Available,Jan 04 2022 21:08:53 GMT+0600,100,Jan 04 2022 21:08:53 GMT+0735,0
Cucurella,BHA,DEF,5,Available,Jan 04 2022 21:08:53 GMT+0600,100,Jan 04 2022 21:08:53 GMT+0736,0
Locadia,BHA,FWD,4.5,Available,Jan 04 2022 21:08:53 GMT+0600,100,Jan 04 2022 21:08:53 GMT+0737,0
Sarmiento,BHA,MID,4.5,Injured,Jan 04 2022 21:08:53 GMT+0600,50,Jan 04 2022 21:08:53 GMT+0738,0
Turns,BHA,DEF,4,Available,Jan 04 2022 21:08:53 GMT+0600,100,Jan 04 2022 21:08:53 GMT+0739,0
Leonard,BHA,MID,4.5,Available,Jan 04 2022 21:08:53 GMT+0600,100,Jan 04 2022 21:08:53 GMT+0740,0
Ferguson,BHA,FWD,4.5,Available,Jan 04 2022 21:08:53 GMT+0600,100,Jan 04 2022 21:08:53 GMT+0741,0
Tarkowski,BUR,DEF,4.9,Available,Jan 04 2022 21:08:53 GMT+0600,100,Jan 04 2022 21:08:53 GMT+0742,-0.1
Bardsley,BUR,DEF,3.9,Available,Jan 04 2022 21:08:53 GMT+0600,100,Jan 04 2022 21:08:53 GMT+0743,-0.1
Pieters,BUR,DEF,4.2,Available,Jan 04 2022 21:08:53 GMT+0600,100,Jan 04 2022 21:08:53 GMT+0744,0.2
Cork,BUR,MID,4.4,Available,Jan 04 2022 21:08:53 GMT+0600,100,Jan 04 2022 21:08:53 GMT+0745,-0.1
Stephens,BUR,MID,4.4,Doubtful,Jan 04 2022 21:08:53 GMT+0600,75,Jan 04 2022 21:08:53 GMT+0746,-0.1
Long,BUR,DEF,4,Available,Jan 04 2022 21:08:53 GMT+0600,100,Jan 04 2022 21:08:53 GMT+0747,0
Rodriguez,BUR,FWD,5.2,Available,Jan 04 2022 21:08:53 GMT+0600,100,Jan 04 2022 21:08:53 GMT+0748,0.2
Barnes,BUR,FWD,5.2,Injured,Jan 04 2022 21:08:53 GMT+0600,50,Jan 04 2022 21:08:53 GMT+0749,0.2
Mee,BUR,DEF,4.8,Available,Jan 04 2022 21:08:53 GMT+0600,100,Jan 04 2022 21:08:53 GMT+0750,-0.2
Westwood,BUR,MID,5.3,Available,Jan 04 2022 21:08:53 GMT+0600,100,Jan 04 2022 21:08:53 GMT+0751,-0.2
Gudmundsson,BUR,MID,5.4,Available,Jan 04 2022 21:08:53 GMT+0600,100,Jan 04 2022 21:08:53 GMT+0752,-0.1
Wood,BUR,FWD,6.7,Available,Jan 04 2022 21:08:53 GMT+0600,100,Jan 04 2022 21:08:53 GMT+0753,0.2
Lowton,BUR,DEF,4.4,Available,Jan 04 2022 21:08:53 GMT+0600,100,Jan 04 2022 21:08:53 GMT+0754,-0.1
Vydra,BUR,FWD,5.2,Available,Jan 04 2022 21:08:53 GMT+0600,100,Jan 04 2022 21:08:53 GMT+0755,0.2
Pope,BUR,GKP,5.4,Available,Jan 04 2022 21:08:53 GMT+0600,100,Jan 04 2022 21:08:53 GMT+0756,-0.1
Taylor,BUR,DEF,4.4,Available,Jan 04 2022 21:08:53 GMT+0600,100,Jan 04 2022 21:08:53 GMT+0757,-0.1
Norris,BUR,GKP,4.4,Available,Jan 04 2022 21:08:53 GMT+0600,100,Jan 04 2022 21:08:53 GMT+0758,-0.1
Brownhill,BUR,MID,4.4,Available,Jan 04 2022 21:08:53 GMT+0600,100,Jan 04 2022 21:08:53 GMT+0759,-0.1
Benson,BUR,MID,4.5,NotAvail,Jan 04 2022 21:08:53 GMT+0600,0,Jan 04 2022 21:08:53 GMT+0760,0
Peacock-Farrell,BUR,GKP,4.5,NotAvail,Jan 04 2022 21:08:53 GMT+0600,0,Jan 04 2022 21:08:53 GMT+0761,0
McNeil,BUR,MID,5.7,Available,Jan 04 2022 21:08:53 GMT+0600,100,Jan 04 2022 21:08:53 GMT+0762,0.2
Collins,BUR,DEF,4.3,Available,Jan 04 2022 21:08:53 GMT+0600,100,Jan 04 2022 21:08:53 GMT+0763,-0.2
Hennessey,BUR,GKP,4.5,Available,Jan 04 2022 21:08:53 GMT+0600,100,Jan 04 2022 21:08:53 GMT+0764,0
Richardson,BUR,FWD,4.5,Available,Jan 04 2022 21:08:53 GMT+0600,100,Jan 04 2022 21:08:53 GMT+0765,0
Thomas,BUR,DEF,4,Available,Jan 04 2022 21:08:53 GMT+0600,100,Jan 04 2022 21:08:53 GMT+0766,0
Dodgson,BUR,DEF,3.9,Available,Jan 04 2022 21:08:53 GMT+0600,100,Jan 04 2022 21:08:53 GMT+0767,-0.1
Lennon,BUR,MID,4.9,Available,Jan 04 2022 21:08:53 GMT+0600,100,Jan 04 2022 21:08:53 GMT+0768,-0.1
Cornet,BUR,MID,5.9,Doubtful,Jan 04 2022 21:08:53 GMT+0600,75,Jan 04 2022 21:08:53 GMT+0769,-0.1
Roberts,BUR,DEF,4.5,Doubtful,Jan 04 2022 21:08:53 GMT+0600,75,Jan 04 2022 21:08:53 GMT+0770,0
Azpilicueta,CHE,DEF,5.7,Available,Jan 04 2022 21:08:53 GMT+0600,100,Jan 04 2022 21:08:53 GMT+0771,0.2
Giroud,CHE,FWD,6.5,NotAvail,Jan 04 2022 21:08:53 GMT+0600,0,Jan 04 2022 21:08:53 GMT+0772,0
Thiago Silva,CHE,DEF,5.6,Available,Jan 04 2022 21:08:53 GMT+0600,100,Jan 04 2022 21:08:53 GMT+0773,0.1
Alonso,CHE,DEF,5.7,Available,Jan 04 2022 21:08:53 GMT+0600,100,Jan 04 2022 21:08:53 GMT+0774,0.2
Jorginho,CHE,MID,5.8,Doubtful,Jan 04 2022 21:08:53 GMT+0600,75,Jan 04 2022 21:08:53 GMT+0775,-0.2
Barkley,CHE,MID,5.2,Available,Jan 04 2022 21:08:53 GMT+0600,100,Jan 04 2022 21:08:53 GMT+0776,0.2
Kovacic,CHE,MID,5,Available,Jan 04 2022 21:08:53 GMT+0600,100,Jan 04 2022 21:08:53 GMT+0777,0
Batshuayi,CHE,FWD,5.5,NotAvail,Jan 04 2022 21:08:53 GMT+0600,0,Jan 04 2022 21:08:53 GMT+0778,0
Rüdiger,CHE,DEF,6.2,Available,Jan 04 2022 21:08:53 GMT+0600,100,Jan 04 2022 21:08:53 GMT+0779,0.2
Arrizabalaga,CHE,GKP,4.7,Available,Jan 04 2022 21:08:53 GMT+0600,100,Jan 04 2022 21:08:53 GMT+0780,0.2
Kanté,CHE,MID,4.9,Available,Jan 04 2022 21:08:53 GMT+0600,100,Jan 04 2022 21:08:53 GMT+0781,-0.1
Ziyech,CHE,MID,7.3,Doubtful,Jan 04 2022 21:08:53 GMT+0600,75,Jan 04 2022 21:08:53 GMT+0782,-0.2
Loftus-Cheek,CHE,MID,5.4,Doubtful,Jan 04 2022 21:08:53 GMT+0600,75,Jan 04 2022 21:08:53 GMT+0783,-0.1
Christensen,CHE,DEF,4.7,Doubtful,Jan 04 2022 21:08:53 GMT+0600,75,Jan 04 2022 21:08:53 GMT+0784,0.2
Werner,CHE,FWD,8.6,Doubtful,Jan 04 2022 21:08:53 GMT+0600,75,Jan 04 2022 21:08:53 GMT+0785,0.1
Chilwell,CHE,DEF,5.6,Injured,Jan 04 2022 21:08:53 GMT+0600,50,Jan 04 2022 21:08:53 GMT+0786,0.1
Abraham,CHE,FWD,6.5,NotAvail,Jan 04 2022 21:08:53 GMT+0600,0,Jan 04 2022 21:08:53 GMT+0787,0
Pulisic,CHE,MID,7.9,Available,Jan 04 2022 21:08:53 GMT+0600,100,Jan 04 2022 21:08:53 GMT+0788,-0.1
Mount,CHE,MID,7.7,Available,Jan 04 2022 21:08:53 GMT+0600,100,Jan 04 2022 21:08:53 GMT+0789,0.2
Ampadu,CHE,DEF,4.5,NotAvail,Jan 04 2022 21:08:53 GMT+0600,0,Jan 04 2022 21:08:53 GMT+0790,0
Hudson-Odoi,CHE,MID,5.3,Doubtful,Jan 04 2022 21:08:53 GMT+0600,75,Jan 04 2022 21:08:53 GMT+0791,-0.2
Havertz,CHE,MID,7.8,Available,Jan 04 2022 21:08:53 GMT+0600,100,Jan 04 2022 21:08:53 GMT+0792,-0.2
James,CHE,DEF,6.3,Available,Jan 04 2022 21:08:53 GMT+0600,100,Jan 04 2022 21:08:53 GMT+0793,-0.2
Mendy,CHE,GKP,6.2,Available,Jan 04 2022 21:08:53 GMT+0600,100,Jan 04 2022 21:08:53 GMT+0794,0.2
Sarr,CHE,DEF,4.9,Available,Jan 04 2022 21:08:53 GMT+0600,100,Jan 04 2022 21:08:53 GMT+0795,-0.1
Chalobah,CHE,DEF,4.7,Doubtful,Jan 04 2022 21:08:53 GMT+0600,75,Jan 04 2022 21:08:53 GMT+0796,0.2
Lukaku,CHE,FWD,11.5,Doubtful,Jan 04 2022 21:08:53 GMT+0600,75,Jan 04 2022 21:08:53 GMT+0797,0
Emerson,CHE,DEF,4.5,NotAvail,Jan 04 2022 21:08:53 GMT+0600,0,Jan 04 2022 21:08:53 GMT+0798,0
Saúl,CHE,MID,5,Available,Jan 04 2022 21:08:53 GMT+0600,100,Jan 04 2022 21:08:53 GMT+0799,0
Bettinelli,CHE,GKP,4,Available,Jan 04 2022 21:08:53 GMT+0600,100,Jan 04 2022 21:08:53 GMT+0800,0
Gallagher,CRY,MID,6.1,Available,Jan 04 2022 21:08:53 GMT+0600,100,Jan 04 2022 21:08:53 GMT+0801,0.1
Guaita,CRY,GKP,4.6,Available,Jan 04 2022 21:08:53 GMT+0600,100,Jan 04 2022 21:08:53 GMT+0802,0.1
Tomkins,CRY,DEF,4.3,Available,Jan 04 2022 21:08:53 GMT+0600,100,Jan 04 2022 21:08:53 GMT+0803,-0.2
McArthur,CRY,MID,4.3,Injured,Jan 04 2022 21:08:53 GMT+0600,50,Jan 04 2022 21:08:53 GMT+0804,-0.2
Benteke,CRY,FWD,6.4,Available,Jan 04 2022 21:08:53 GMT+0600,100,Jan 04 2022 21:08:53 GMT+0805,-0.1
Kouyaté,CRY,DEF,4.5,Available,Jan 04 2022 21:08:53 GMT+0600,100,Jan 04 2022 21:08:53 GMT+0806,0
Kelly,CRY,DEF,3.9,Available,Jan 04 2022 21:08:53 GMT+0600,100,Jan 04 2022 21:08:53 GMT+0807,-0.1
Milivojevic,CRY,MID,5.3,Available,Jan 04 2022 21:08:53 GMT+0600,100,Jan 04 2022 21:08:53 GMT+0808,-0.2
Ayew,CRY,FWD,5.8,Available,Jan 04 2022 21:08:53 GMT+0600,100,Jan 04 2022 21:08:53 GMT+0809,-0.2
Zaha,CRY,MID,6.8,Available,Jan 04 2022 21:08:53 GMT+0600,100,Jan 04 2022 21:08:53 GMT+0810,-0.2
Schlupp,CRY,MID,5.4,Available,Jan 04 2022 21:08:53 GMT+0600,100,Jan 04 2022 21:08:53 GMT+0811,-0.1
Butland,CRY,GKP,4.4,Available,Jan 04 2022 21:08:53 GMT+0600,100,Jan 04 2022 21:08:53 GMT+0812,-0.1
Riedewald,CRY,MID,4.7,Available,Jan 04 2022 21:08:53 GMT+0600,100,Jan 04 2022 21:08:53 GMT+0813,0.2
Jach,CRY,DEF,4.3,Available,Jan 04 2022 21:08:53 GMT+0600,100,Jan 04 2022 21:08:53 GMT+0814,-0.2
Mateta,CRY,FWD,5.2,Available,Jan 04 2022 21:08:53 GMT+0600,100,Jan 04 2022 21:08:53 GMT+0815,0.2
Eze,CRY,MID,5.9,Available,Jan 04 2022 21:08:53 GMT+0600,100,Jan 04 2022 21:08:53 GMT+0816,-0.1
Ferguson,CRY,DEF,4.5,Injured,Jan 04 2022 21:08:53 GMT+0600,50,Jan 04 2022 21:08:53 GMT+0817,0
Mitchell,CRY,DEF,4.5,Available,Jan 04 2022 21:08:53 GMT+0600,100,Jan 04 2022 21:08:53 GMT+0818,0
Hughes,CRY,MID,4.7,Available,Jan 04 2022 21:08:53 GMT+0600,100,Jan 04 2022 21:08:53 GMT+0819,0.2
Olise,CRY,MID,5.4,Available,Jan 04 2022 21:08:53 GMT+0600,100,Jan 04 2022 21:08:53 GMT+0820,-0.1
Ward,CRY,DEF,4.5,Available,Jan 04 2022 21:08:53 GMT+0600,100,Jan 04 2022 21:08:53 GMT+0821,0
Guéhi,CRY,DEF,4.6,Available,Jan 04 2022 21:08:53 GMT+0600,100,Jan 04 2022 21:08:53 GMT+0822,0.1
Andersen,CRY,DEF,4.5,Available,Jan 04 2022 21:08:53 GMT+0600,100,Jan 04 2022 21:08:53 GMT+0823,0
Clyne,CRY,DEF,4.3,Available,Jan 04 2022 21:08:53 GMT+0600,100,Jan 04 2022 21:08:53 GMT+0824,-0.2
Hannam,CRY,DEF,3.9,Available,Jan 04 2022 21:08:53 GMT+0600,100,Jan 04 2022 21:08:53 GMT+0825,-0.1
Rak-Sakyi,CRY,MID,4.4,Available,Jan 04 2022 21:08:53 GMT+0600,100,Jan 04 2022 21:08:53 GMT+0826,-0.1
Street,CRY,FWD,4.5,Available,Jan 04 2022 21:08:53 GMT+0600,100,Jan 04 2022 21:08:53 GMT+0827,0
Banks,CRY,MID,4.5,Available,Jan 04 2022 21:08:53 GMT+0600,100,Jan 04 2022 21:08:53 GMT+0828,0
Matthews,CRY,GKP,4,Available,Jan 04 2022 21:08:53 GMT+0600,100,Jan 04 2022 21:08:53 GMT+0829,0
Edouard,CRY,FWD,6.3,Available,Jan 04 2022 21:08:53 GMT+0600,100,Jan 04 2022 21:08:53 GMT+0830,-0.2
Delph,EVE,MID,4.3,Available,Jan 04 2022 21:08:53 GMT+0600,100,Jan 04 2022 21:08:53 GMT+0831,-0.2
Sigurdsson,EVE,MID,6.7,NotAvail,Jan 04 2022 21:08:53 GMT+0600,0,Jan 04 2022 21:08:53 GMT+0832,0.2
Coleman,EVE,DEF,4.9,Available,Jan 04 2022 21:08:53 GMT+0600,100,Jan 04 2022 21:08:53 GMT+0833,-0.1
James,EVE,MID,6.9,NotAvail,Jan 04 2022 21:08:53 GMT+0600,0,Jan 04 2022 21:08:53 GMT+0834,-0.1
Bernard,EVE,MID,5.5,NotAvail,Jan 04 2022 21:08:53 GMT+0600,0,Jan 04 2022 21:08:53 GMT+0835,0
Digne,EVE,DEF,5,Available,Jan 04 2022 21:08:53 GMT+0600,100,Jan 04 2022 21:08:53 GMT+0836,0
Keane,EVE,DEF,4.9,Available,Jan 04 2022 21:08:53 GMT+0600,100,Jan 04 2022 21:08:53 GMT+0837,-0.1
Pickford,EVE,GKP,4.9,Available,Jan 04 2022 21:08:53 GMT+0600,100,Jan 04 2022 21:08:53 GMT+0838,-0.1
Allan,EVE,MID,4.4,Available,Jan 04 2022 21:08:53 GMT+0600,100,Jan 04 2022 21:08:53 GMT+0839,-0.1
André Gomes,EVE,MID,4.9,Available,Jan 04 2022 21:08:53 GMT+0600,100,Jan 04 2022 21:08:53 GMT+0840,-0.1
Doucouré,EVE,MID,5.4,Available,Jan 04 2022 21:08:53 GMT+0600,100,Jan 04 2022 21:08:53 GMT+0841,-0.1
Iwobi,EVE,MID,5.8,Available,Jan 04 2022 21:08:53 GMT+0600,100,Jan 04 2022 21:08:53 GMT+0842,-0.2
Mina,EVE,DEF,4.9,Injured,Jan 04 2022 21:08:53 GMT+0600,50,Jan 04 2022 21:08:53 GMT+0843,-0.1
Davies,EVE,MID,4.8,Injured,Jan 04 2022 21:08:53 GMT+0600,50,Jan 04 2022 21:08:53 GMT+0844,-0.2
Calvert-Lewin,EVE,FWD,7.9,Doubtful,Jan 04 2022 21:08:53 GMT+0600,75,Jan 04 2022 21:08:53 GMT+0845,-0.1
Holgate,EVE,DEF,4.2,Available,Jan 04 2022 21:08:53 GMT+0600,100,Jan 04 2022 21:08:53 GMT+0846,0.2
Godfrey,EVE,DEF,4.8,Available,Jan 04 2022 21:08:53 GMT+0600,100,Jan 04 2022 21:08:53 GMT+0847,-0.2
Richarlison,EVE,FWD,7.4,Injured,Jan 04 2022 21:08:53 GMT+0600,50,Jan 04 2022 21:08:53 GMT+0848,-0.1
Virgínia,EVE,GKP,4,NotAvail,Jan 04 2022 21:08:53 GMT+0600,0,Jan 04 2022 21:08:53 GMT+0849,0
Begović,EVE,GKP,4,Available,Jan 04 2022 21:08:53 GMT+0600,100,Jan 04 2022 21:08:53 GMT+0850,0
Townsend,EVE,MID,5.2,Injured,Jan 04 2022 21:08:53 GMT+0600,50,Jan 04 2022 21:08:53 GMT+0851,0.2
Gray,EVE,MID,5.6,Available,Jan 04 2022 21:08:53 GMT+0600,100,Jan 04 2022 21:08:53 GMT+0852,0.1
Kenny,EVE,DEF,4.4,Available,Jan 04 2022 21:08:53 GMT+0600,100,Jan 04 2022 21:08:53 GMT+0853,-0.1
Gordon,EVE,MID,4.5,Available,Jan 04 2022 21:08:53 GMT+0600,100,Jan 04 2022 21:08:53 GMT+0854,0
Gbamin,EVE,MID,4.4,Available,Jan 04 2022 21:08:53 GMT+0600,100,Jan 04 2022 21:08:53 GMT+0855,-0.1
Branthwaite,EVE,DEF,4,Available,Jan 04 2022 21:08:53 GMT+0600,100,Jan 04 2022 21:08:53 GMT+0856,0
Broadhead,EVE,FWD,4.5,NotAvail,Jan 04 2022 21:08:53 GMT+0600,0,Jan 04 2022 21:08:53 GMT+0857,0
Kean,EVE,FWD,6,NotAvail,Jan 04 2022 21:08:53 GMT+0600,0,Jan 04 2022 21:08:53 GMT+0858,0
Nkounkou,EVE,DEF,4,NotAvail,Jan 04 2022 21:08:53 GMT+0600,0,Jan 04 2022 21:08:53 GMT+0859,0
Lonergan,EVE,GKP,4,Available,Jan 04 2022 21:08:53 GMT+0600,100,Jan 04 2022 21:08:53 GMT+0860,0
Rondón,EVE,FWD,6,Available,Jan 04 2022 21:08:53 GMT+0600,100,Jan 04 2022 21:08:53 GMT+0861,0
Simms,EVE,FWD,4.5,Available,Jan 04 2022 21:08:53 GMT+0600,100,Jan 04 2022 21:08:53 GMT+0862,0
Dobbin,EVE,FWD,4.5,Available,Jan 04 2022 21:08:53 GMT+0600,100,Jan 04 2022 21:08:53 GMT+0863,0
Whitaker,EVE,MID,4.5,Available,Jan 04 2022 21:08:53 GMT+0600,100,Jan 04 2022 21:08:53 GMT+0864,0
Tyrer,EVE,GKP,4,Available,Jan 04 2022 21:08:53 GMT+0600,100,Jan 04 2022 21:08:53 GMT+0865,0
Tosun,EVE,FWD,5,Available,Jan 04 2022 21:08:53 GMT+0600,100,Jan 04 2022 21:08:53 GMT+0866,0
Welch,EVE,DEF,4,Available,Jan 04 2022 21:08:53 GMT+0600,100,Jan 04 2022 21:08:53 GMT+0867,0
Onyango,EVE,MID,4.5,Available,Jan 04 2022 21:08:53 GMT+0600,100,Jan 04 2022 21:08:53 GMT+0868,0
Schmeichel,LEI,GKP,4.8,Available,Jan 04 2022 21:08:53 GMT+0600,100,Jan 04 2022 21:08:53 GMT+0869,-0.2
Evans,LEI,DEF,5.4,Doubtful,Jan 04 2022 21:08:53 GMT+0600,75,Jan 04 2022 21:08:53 GMT+0870,-0.1
Albrighton,LEI,MID,5.2,Available,Jan 04 2022 21:08:53 GMT+0600,100,Jan 04 2022 21:08:53 GMT+0871,0.2
Mendy,LEI,MID,4.3,NotAvail,Jan 04 2022 21:08:53 GMT+0600,0,Jan 04 2022 21:08:53 GMT+0872,-0.2
Ward,LEI,GKP,4,Available,Jan 04 2022 21:08:53 GMT+0600,100,Jan 04 2022 21:08:53 GMT+0873,0
Vardy,LEI,FWD,10.5,Available,Jan 04 2022 21:08:53 GMT+0600,100,Jan 04 2022 21:08:53 GMT+0874,0
Praet,LEI,MID,4.9,NotAvail,Jan 04 2022 21:08:53 GMT+0600,0,Jan 04 2022 21:08:53 GMT+0875,-0.1
Pereira,LEI,DEF,5.2,Available,Jan 04 2022 21:08:53 GMT+0600,100,Jan 04 2022 21:08:53 GMT+0876,0.2
Amartey,LEI,DEF,3.8,Available,Jan 04 2022 21:08:53 GMT+0600,100,Jan 04 2022 21:08:53 GMT+0877,-0.2
Castagne,LEI,DEF,5.3,Available,Jan 04 2022 21:08:53 GMT+0600,100,Jan 04 2022 21:08:53 GMT+0878,-0.2
Tielemans,LEI,MID,6.4,Available,Jan 04 2022 21:08:53 GMT+0600,100,Jan 04 2022 21:08:53 GMT+0879,-0.1
Pérez,LEI,MID,5.7,Doubtful,Jan 04 2022 21:08:53 GMT+0600,75,Jan 04 2022 21:08:53 GMT+0880,0.2
Maddison,LEI,MID,6.8,Available,Jan 04 2022 21:08:53 GMT+0600,100,Jan 04 2022 21:08:53 GMT+0881,-0.2
Iheanacho,LEI,FWD,6.9,Doubtful,Jan 04 2022 21:08:53 GMT+0600,75,Jan 04 2022 21:08:53 GMT+0882,-0.1
Choudhury,LEI,MID,4.4,Doubtful,Jan 04 2022 21:08:53 GMT+0600,75,Jan 04 2022 21:08:53 GMT+0883,-0.1
Barnes,LEI,MID,6.5,Available,Jan 04 2022 21:08:53 GMT+0600,100,Jan 04 2022 21:08:53 GMT+0884,0
Ndidi,LEI,MID,4.8,Available,Jan 04 2022 21:08:53 GMT+0600,100,Jan 04 2022 21:08:53 GMT+0885,-0.2
Söyüncü,LEI,DEF,4.9,Doubtful,Jan 04 2022 21:08:53 GMT+0600,75,Jan 04 2022 21:08:53 GMT+0886,-0.1
Justin,LEI,DEF,4.9,Injured,Jan 04 2022 21:08:53 GMT+0600,50,Jan 04 2022 21:08:53 GMT+0887,-0.1
Thomas,LEI,DEF,4.3,Available,Jan 04 2022 21:08:53 GMT+0600,100,Jan 04 2022 21:08:53 GMT+0888,-0.2
Fofana,LEI,DEF,4.3,Injured,Jan 04 2022 21:08:53 GMT+0600,50,Jan 04 2022 21:08:53 GMT+0889,-0.2
Vestergaard,LEI,DEF,4.7,Doubtful,Jan 04 2022 21:08:53 GMT+0600,75,Jan 04 2022 21:08:53 GMT+0890,0.2
Daka,LEI,FWD,7.1,Available,Jan 04 2022 21:08:53 GMT+0600,100,Jan 04 2022 21:08:53 GMT+0891,0.1
Soumaré,LEI,MID,4.8,Available,Jan 04 2022 21:08:53 GMT+0600,100,Jan 04 2022 21:08:53 GMT+0892,-0.2
Bertrand,LEI,DEF,4.6,Available,Jan 04 2022 21:08:53 GMT+0600,100,Jan 04 2022 21:08:53 GMT+0893,0.1
Dewsbury-Hall,LEI,MID,4.4,Available,Jan 04 2022 21:08:53 GMT+0600,100,Jan 04 2022 21:08:53 GMT+0894,-0.1
Jakupovic,LEI,GKP,4,Available,Jan 04 2022 21:08:53 GMT+0600,100,Jan 04 2022 21:08:53 GMT+0895,0
Lookman,LEI,MID,6,Doubtful,Jan 04 2022 21:08:53 GMT+0600,75,Jan 04 2022 21:08:53 GMT+0896,0
Daley-Campbell,LEI,DEF,4,Doubtful,Jan 04 2022 21:08:53 GMT+0600,75,Jan 04 2022 21:08:53 GMT+0897,0
Nelson,LEI,DEF,4,Available,Jan 04 2022 21:08:53 GMT+0600,100,Jan 04 2022 21:08:53 GMT+0898,0
Brunt,LEI,MID,4.5,Available,Jan 04 2022 21:08:53 GMT+0600,100,Jan 04 2022 21:08:53 GMT+0899,0
McAteer,LEI,MID,4.5,Available,Jan 04 2022 21:08:53 GMT+0600,100,Jan 04 2022 21:08:53 GMT+0900,0
Hernández,LEE,MID,5.5,NotAvail,Jan 04 2022 21:08:53 GMT+0600,0,Jan 04 2022 21:08:53 GMT+0901,0
Casilla,LEE,GKP,4.5,NotAvail,Jan 04 2022 21:08:53 GMT+0600,0,Jan 04 2022 21:08:53 GMT+0902,0
Cooper,LEE,DEF,4.5,Injured,Jan 04 2022 21:08:53 GMT+0600,50,Jan 04 2022 21:08:53 GMT+0903,0
Ayling,LEE,DEF,4.3,Available,Jan 04 2022 21:08:53 GMT+0600,100,Jan 04 2022 21:08:53 GMT+0904,-0.2
Klich,LEE,MID,5.2,Available,Jan 04 2022 21:08:53 GMT+0600,100,Jan 04 2022 21:08:53 GMT+0905,0.2
Rodrigo,LEE,FWD,6.3,Injured,Jan 04 2022 21:08:53 GMT+0600,50,Jan 04 2022 21:08:53 GMT+0906,-0.2
Dallas,LEE,MID,5,Available,Jan 04 2022 21:08:53 GMT+0600,100,Jan 04 2022 21:08:53 GMT+0907,0
Bamford,LEE,FWD,7.7,Injured,Jan 04 2022 21:08:53 GMT+0600,50,Jan 04 2022 21:08:53 GMT+0908,0.2
Llorente,LEE,DEF,4.5,Doubtful,Jan 04 2022 21:08:53 GMT+0600,75,Jan 04 2022 21:08:53 GMT+0909,0
Phillips,LEE,MID,4.8,Injured,Jan 04 2022 21:08:53 GMT+0600,50,Jan 04 2022 21:08:53 GMT+0910,-0.2
Costa,LEE,MID,5.4,NotAvail,Jan 04 2022 21:08:53 GMT+0600,0,Jan 04 2022 21:08:53 GMT+0911,-0.1
Roberts,LEE,MID,4.8,Available,Jan 04 2022 21:08:53 GMT+0600,100,Jan 04 2022 21:08:53 GMT+0912,-0.2
Koch,LEE,DEF,4.3,Available,Jan 04 2022 21:08:53 GMT+0600,100,Jan 04 2022 21:08:53 GMT+0913,-0.2
Poveda,LEE,MID,4.5,NotAvail,Jan 04 2022 21:08:53 GMT+0600,0,Jan 04 2022 21:08:53 GMT+0914,0
Raphinha,LEE,MID,6.6,Available,Jan 04 2022 21:08:53 GMT+0600,100,Jan 04 2022 21:08:53 GMT+0915,0.1
Shackleton,LEE,MID,4.4,Injured,Jan 04 2022 21:08:53 GMT+0600,50,Jan 04 2022 21:08:53 GMT+0916,-0.1
Struijk,LEE,DEF,4.3,Injured,Jan 04 2022 21:08:53 GMT+0600,50,Jan 04 2022 21:08:53 GMT+0917,-0.2
Meslier,LEE,GKP,4.9,Available,Jan 04 2022 21:08:53 GMT+0600,100,Jan 04 2022 21:08:53 GMT+0918,-0.1
Harrison,LEE,MID,5.6,Doubtful,Jan 04 2022 21:08:53 GMT+0600,75,Jan 04 2022 21:08:53 GMT+0919,0.1
James,LEE,MID,6,Injured,Jan 04 2022 21:08:53 GMT+0600,50,Jan 04 2022 21:08:53 GMT+0920,0
Firpo,LEE,DEF,4.7,Available,Jan 04 2022 21:08:53 GMT+0600,100,Jan 04 2022 21:08:53 GMT+0921,0.2
Klaesson,LEE,GKP,4.4,Available,Jan 04 2022 21:08:53 GMT+0600,100,Jan 04 2022 21:08:53 GMT+0922,-0.1
Greenwood,LEE,FWD,4.5,Available,Jan 04 2022 21:08:53 GMT+0600,100,Jan 04 2022 21:08:53 GMT+0923,0
Summerville,LEE,MID,4.5,Available,Jan 04 2022 21:08:53 GMT+0600,100,Jan 04 2022 21:08:53 GMT+0924,0
Forshaw,LEE,MID,4.5,Available,Jan 04 2022 21:08:53 GMT+0600,100,Jan 04 2022 21:08:53 GMT+0925,0
Drameh,LEE,DEF,3.9,Available,Jan 04 2022 21:08:53 GMT+0600,100,Jan 04 2022 21:08:53 GMT+0926,-0.1
Cresswell,LEE,DEF,4,Injured,Jan 04 2022 21:08:53 GMT+0600,50,Jan 04 2022 21:08:53 GMT+0927,0
McCarron,LEE,MID,4.5,Available,Jan 04 2022 21:08:53 GMT+0600,100,Jan 04 2022 21:08:53 GMT+0928,0
Gelhardt,LEE,FWD,4.6,Available,Jan 04 2022 21:08:53 GMT+0600,100,Jan 04 2022 21:08:53 GMT+0929,0.1
Kenneh,LEE,MID,4.4,Available,Jan 04 2022 21:08:53 GMT+0600,100,Jan 04 2022 21:08:53 GMT+0930,-0.1
McKinstry,LEE,MID,4.3,Available,Jan 04 2022 21:08:53 GMT+0600,100,Jan 04 2022 21:08:53 GMT+0931,-0.2
Hjelde,LEE,DEF,4,Available,Jan 04 2022 21:08:53 GMT+0600,100,Jan 04 2022 21:08:53 GMT+0932,0
Bate,LEE,MID,4.5,Available,Jan 04 2022 21:08:53 GMT+0600,100,Jan 04 2022 21:08:53 GMT+0933,0
Jenkins,LEE,MID,4.5,Available,Jan 04 2022 21:08:53 GMT+0600,100,Jan 04 2022 21:08:53 GMT+0934,0
Moore,LEE,DEF,4,Available,Jan 04 2022 21:08:53 GMT+0600,100,Jan 04 2022 21:08:53 GMT+0935,0
Gray,LEE,MID,4.5,Available,Jan 04 2022 21:08:53 GMT+0600,100,Jan 04 2022 21:08:53 GMT+0936,0
Milner,LIV,MID,4.9,Available,Jan 04 2022 21:08:53 GMT+0600,100,Jan 04 2022 21:08:53 GMT+0937,-0.1
Henderson,LIV,MID,5.1,Doubtful,Jan 04 2022 21:08:53 GMT+0600,75,Jan 04 2022 21:08:53 GMT+0938,0.1
Adrián,LIV,GKP,4.3,Injured,Jan 04 2022 21:08:53 GMT+0600,50,Jan 04 2022 21:08:53 GMT+0939,-0.2
Matip,LIV,DEF,4.9,Available,Jan 04 2022 21:08:53 GMT+0600,100,Jan 04 2022 21:08:53 GMT+0940,-0.1
Thiago,LIV,MID,5.3,Doubtful,Jan 04 2022 21:08:53 GMT+0600,75,Jan 04 2022 21:08:53 GMT+0941,-0.2
Shaqiri,LIV,MID,5.9,NotAvail,Jan 04 2022 21:08:53 GMT+0600,0,Jan 04 2022 21:08:53 GMT+0942,-0.1
Chamberlain,LIV,MID,5.8,Available,Jan 04 2022 21:08:53 GMT+0600,100,Jan 04 2022 21:08:53 GMT+0943,-0.2
Firmino,LIV,FWD,8.7,Available,Jan 04 2022 21:08:53 GMT+0600,100,Jan 04 2022 21:08:53 GMT+0944,0.2
van Dijk,LIV,DEF,6.6,Doubtful,Jan 04 2022 21:08:53 GMT+0600,75,Jan 04 2022 21:08:53 GMT+0945,0.1
Mané,LIV,MID,11.9,Available,Jan 04 2022 21:08:53 GMT+0600,100,Jan 04 2022 21:08:53 GMT+0946,-0.1
Alisson,LIV,GKP,6,Available,Jan 04 2022 21:08:53 GMT+0600,100,Jan 04 2022 21:08:53 GMT+0947,0
Fabinho,LIV,MID,5.4,Doubtful,Jan 04 2022 21:08:53 GMT+0600,75,Jan 04 2022 21:08:53 GMT+0948,-0.1
Salah,LIV,MID,13.1,Available,Jan 04 2022 21:08:53 GMT+0600,100,Jan 04 2022 21:08:53 GMT+0949,0.1
Robertson,LIV,DEF,7.1,Suspended,Jan 04 2022 21:08:53 GMT+0600,FALSE,Jan 04 2022 21:08:53 GMT+0950,0.1
Origi,LIV,FWD,4.8,Doubtful,Jan 04 2022 21:08:53 GMT+0600,75,Jan 04 2022 21:08:53 GMT+0951,-0.2
Minamino,LIV,MID,5.1,Available,Jan 04 2022 21:08:53 GMT+0600,100,Jan 04 2022 21:08:53 GMT+0952,0.1
Alexander-Arnold,LIV,DEF,8.3,Available,Jan 04 2022 21:08:53 GMT+0600,100,Jan 04 2022 21:08:53 GMT+0953,-0.2
Gomez,LIV,DEF,4.7,Available,Jan 04 2022 21:08:53 GMT+0600,100,Jan 04 2022 21:08:53 GMT+0954,0.2
Keita,LIV,MID,5,Available,Jan 04 2022 21:08:53 GMT+0600,100,Jan 04 2022 21:08:53 GMT+0955,0
Jota,LIV,MID,8.1,Available,Jan 04 2022 21:08:53 GMT+0600,100,Jan 04 2022 21:08:53 GMT+0956,0.1
Phillips,LIV,DEF,4.2,Injured,Jan 04 2022 21:08:53 GMT+0600,50,Jan 04 2022 21:08:53 GMT+0957,0.2
Kelleher,LIV,GKP,4.3,Available,Jan 04 2022 21:08:53 GMT+0600,100,Jan 04 2022 21:08:53 GMT+0958,-0.2
Konaté,LIV,DEF,5.1,Available,Jan 04 2022 21:08:53 GMT+0600,100,Jan 04 2022 21:08:53 GMT+0959,0.1
Jones,LIV,MID,5,Doubtful,Jan 04 2022 21:08:53 GMT+0600,75,Jan 04 2022 21:08:53 GMT+0960,0
Tsimikas,LIV,DEF,3.7,Available,Jan 04 2022 21:08:53 GMT+0600,100,Jan 04 2022 21:08:53 GMT+0961,0.2
N.Williams,LIV,DEF,3.9,Available,Jan 04 2022 21:08:53 GMT+0600,100,Jan 04 2022 21:08:53 GMT+0962,-0.1
R.Williams,LIV,DEF,4.4,NotAvail,Jan 04 2022 21:08:53 GMT+0600,0,Jan 04 2022 21:08:53 GMT+0963,-0.1
Davies,LIV,DEF,4,NotAvail,Jan 04 2022 21:08:53 GMT+0600,0,Jan 04 2022 21:08:53 GMT+0964,0
Elliott,LIV,MID,5.3,Injured,Jan 04 2022 21:08:53 GMT+0600,50,Jan 04 2022 21:08:53 GMT+0965,-0.2
Woodburn,LIV,MID,4.5,NotAvail,Jan 04 2022 21:08:53 GMT+0600,0,Jan 04 2022 21:08:53 GMT+0966,0
Morton,LIV,MID,4.5,Available,Jan 04 2022 21:08:53 GMT+0600,100,Jan 04 2022 21:08:53 GMT+0967,0
Gordon,LIV,MID,4.5,Available,Jan 04 2022 21:08:53 GMT+0600,100,Jan 04 2022 21:08:53 GMT+0968,0
Bradley,LIV,DEF,4,Available,Jan 04 2022 21:08:53 GMT+0600,100,Jan 04 2022 21:08:53 GMT+0969,0
Beck,LIV,DEF,4,Available,Jan 04 2022 21:08:53 GMT+0600,100,Jan 04 2022 21:08:53 GMT+0970,0
Pitaluga,LIV,GKP,4,Available,Jan 04 2022 21:08:53 GMT+0600,100,Jan 04 2022 21:08:53 GMT+0971,0
Quansah,LIV,DEF,4,Available,Jan 04 2022 21:08:53 GMT+0600,100,Jan 04 2022 21:08:53 GMT+0972,0
Grealish,MCI,MID,7.6,Available,Jan 04 2022 21:08:53 GMT+0600,100,Jan 04 2022 21:08:53 GMT+0973,0.1
Walker,MCI,DEF,5.5,Available,Jan 04 2022 21:08:53 GMT+0600,100,Jan 04 2022 21:08:53 GMT+0974,0
Gündogan,MCI,MID,7.3,Available,Jan 04 2022 21:08:53 GMT+0600,100,Jan 04 2022 21:08:53 GMT+0975,-0.2
De Bruyne,MCI,MID,11.9,Available,Jan 04 2022 21:08:53 GMT+0600,100,Jan 04 2022 21:08:53 GMT+0976,-0.1
Stones,MCI,DEF,5.3,Available,Jan 04 2022 21:08:53 GMT+0600,100,Jan 04 2022 21:08:53 GMT+0977,-0.2
Mendy,MCI,DEF,5.2,NotAvail,Jan 04 2022 21:08:53 GMT+0600,0,Jan 04 2022 21:08:53 GMT+0978,0.2
Mahrez,MCI,MID,8.6,Available,Jan 04 2022 21:08:53 GMT+0600,100,Jan 04 2022 21:08:53 GMT+0979,0.1
Sterling,MCI,MID,10.6,Available,Jan 04 2022 21:08:53 GMT+0600,100,Jan 04 2022 21:08:53 GMT+0980,0.1
Cancelo,MCI,DEF,6.8,Available,Jan 04 2022 21:08:53 GMT+0600,100,Jan 04 2022 21:08:53 GMT+0981,-0.2
Ederson,MCI,GKP,6,Available,Jan 04 2022 21:08:53 GMT+0600,100,Jan 04 2022 21:08:53 GMT+0982,0
Aké,MCI,DEF,4.7,Available,Jan 04 2022 21:08:53 GMT+0600,100,Jan 04 2022 21:08:53 GMT+0983,0.2
Laporte,MCI,DEF,5.5,Available,Jan 04 2022 21:08:53 GMT+0600,100,Jan 04 2022 21:08:53 GMT+0984,0
Steffen,MCI,GKP,4.5,Available,Jan 04 2022 21:08:53 GMT+0600,100,Jan 04 2022 21:08:53 GMT+0985,0
Bernardo,MCI,MID,7.6,Available,Jan 04 2022 21:08:53 GMT+0600,100,Jan 04 2022 21:08:53 GMT+0986,0.1
Dias,MCI,DEF,6.1,Available,Jan 04 2022 21:08:53 GMT+0600,100,Jan 04 2022 21:08:53 GMT+0987,0.1
Jesus,MCI,FWD,8.7,Available,Jan 04 2022 21:08:53 GMT+0600,100,Jan 04 2022 21:08:53 GMT+0988,0.2
Zinchenko,MCI,DEF,5.3,Available,Jan 04 2022 21:08:53 GMT+0600,100,Jan 04 2022 21:08:53 GMT+0989,-0.2
Foden,MCI,MID,8.1,Available,Jan 04 2022 21:08:53 GMT+0600,100,Jan 04 2022 21:08:53 GMT+0990,0.1
Rodrigo,MCI,MID,5.5,Available,Jan 04 2022 21:08:53 GMT+0600,100,Jan 04 2022 21:08:53 GMT+0991,0
Torres,MCI,MID,6.7,Injured,Jan 04 2022 21:08:53 GMT+0600,50,Jan 04 2022 21:08:53 GMT+0992,0.2
Fernandinho,MCI,MID,4.8,Available,Jan 04 2022 21:08:53 GMT+0600,100,Jan 04 2022 21:08:53 GMT+0993,-0.2
Palmer,MCI,MID,4.5,Available,Jan 04 2022 21:08:53 GMT+0600,100,Jan 04 2022 21:08:53 GMT+0994,0
Edozie,MCI,MID,4.8,Available,Jan 04 2022 21:08:53 GMT+0600,100,Jan 04 2022 21:08:53 GMT+0995,-0.2
Doyle,MCI,MID,4.5,NotAvail,Jan 04 2022 21:08:53 GMT+0600,0,Jan 04 2022 21:08:53 GMT+0996,0
Carson,MCI,GKP,3.9,Available,Jan 04 2022 21:08:53 GMT+0600,100,Jan 04 2022 21:08:53 GMT+0997,-0.1
Mbete,MCI,DEF,4,Available,Jan 04 2022 21:08:53 GMT+0600,100,Jan 04 2022 21:08:53 GMT+0998,0
Wilson-Esbrand,MCI,DEF,3.9,Available,Jan 04 2022 21:08:53 GMT+0600,100,Jan 04 2022 21:08:53 GMT+0999,-0.1
Lavia,MCI,MID,4.5,Available,Jan 04 2022 21:08:53 GMT+0600,100,Jan 04 2022 21:08:53 GMT+1000,0
Slicker,MCI,GKP,4,Available,Jan 04 2022 21:08:53 GMT+0600,100,Jan 04 2022 21:08:53 GMT+1001,0
McAtee,MCI,MID,4.5,Available,Jan 04 2022 21:08:53 GMT+0600,100,Jan 04 2022 21:08:53 GMT+1002,0
Egan-Riley,MCI,DEF,4,Available,Jan 04 2022 21:08:53 GMT+0600,100,Jan 04 2022 21:08:53 GMT+1003,0
Cavani,MUN,FWD,8.4,Doubtful,Jan 04 2022 21:08:53 GMT+0600,75,Jan 04 2022 21:08:53 GMT+1004,-0.1
de Gea,MUN,GKP,5.1,Available,Jan 04 2022 21:08:53 GMT+0600,100,Jan 04 2022 21:08:53 GMT+1005,0.1
Matic,MUN,MID,4.4,Doubtful,Jan 04 2022 21:08:53 GMT+0600,75,Jan 04 2022 21:08:53 GMT+1006,-0.1
Pogba,MUN,MID,7.4,Injured,Jan 04 2022 21:08:53 GMT+0600,50,Jan 04 2022 21:08:53 GMT+1007,-0.1
Maguire,MUN,DEF,5.4,Available,Jan 04 2022 21:08:53 GMT+0600,100,Jan 04 2022 21:08:53 GMT+1008,-0.1
Fred,MUN,MID,5,Available,Jan 04 2022 21:08:53 GMT+0600,100,Jan 04 2022 21:08:53 GMT+1009,0
Shaw,MUN,DEF,5,Available,Jan 04 2022 21:08:53 GMT+0600,100,Jan 04 2022 21:08:53 GMT+1010,0
Lingard,MUN,MID,6.8,Available,Jan 04 2022 21:08:53 GMT+0600,100,Jan 04 2022 21:08:53 GMT+1011,-0.2
Fernandes,MUN,MID,11.6,Available,Jan 04 2022 21:08:53 GMT+0600,100,Jan 04 2022 21:08:53 GMT+1012,0.1
Martial,MUN,FWD,7.6,Doubtful,Jan 04 2022 21:08:53 GMT+0600,75,Jan 04 2022 21:08:53 GMT+1013,0.1
Telles,MUN,DEF,5,Available,Jan 04 2022 21:08:53 GMT+0600,100,Jan 04 2022 21:08:53 GMT+1014,0
Henderson,MUN,GKP,4.7,Available,Jan 04 2022 21:08:53 GMT+0600,100,Jan 04 2022 21:08:53 GMT+1015,0.2
Rashford,MUN,MID,9.4,Available,Jan 04 2022 21:08:53 GMT+0600,100,Jan 04 2022 21:08:53 GMT+1016,-0.1
van de Beek,MUN,MID,5.7,Available,Jan 04 2022 21:08:53 GMT+0600,100,Jan 04 2022 21:08:53 GMT+1017,0.2
Lindelöf,MUN,DEF,4.8,Doubtful,Jan 04 2022 21:08:53 GMT+0600,75,Jan 04 2022 21:08:53 GMT+1018,-0.2
McTominay,MUN,MID,5.4,Available,Jan 04 2022 21:08:53 GMT+0600,100,Jan 04 2022 21:08:53 GMT+1019,-0.1
Bailly,MUN,DEF,4.9,Available,Jan 04 2022 21:08:53 GMT+0600,100,Jan 04 2022 21:08:53 GMT+1020,-0.1
Wan-Bissaka,MUN,DEF,5.1,Available,Jan 04 2022 21:08:53 GMT+0600,100,Jan 04 2022 21:08:53 GMT+1021,0.1
Greenwood,MUN,MID,7.2,Available,Jan 04 2022 21:08:53 GMT+0600,100,Jan 04 2022 21:08:53 GMT+1022,0.2
Mata,MUN,MID,4.8,Doubtful,Jan 04 2022 21:08:53 GMT+0600,75,Jan 04 2022 21:08:53 GMT+1023,-0.2
Sancho,MUN,MID,8.9,Available,Jan 04 2022 21:08:53 GMT+0600,100,Jan 04 2022 21:08:53 GMT+1024,-0.1
Heaton,MUN,GKP,4,Available,Jan 04 2022 21:08:53 GMT+0600,100,Jan 04 2022 21:08:53 GMT+1025,0
Dalot,MUN,DEF,4.5,Available,Jan 04 2022 21:08:53 GMT+0600,100,Jan 04 2022 21:08:53 GMT+1026,0
Pereira,MUN,MID,5,NotAvail,Jan 04 2022 21:08:53 GMT+0600,0,Jan 04 2022 21:08:53 GMT+1027,0
Elanga,MUN,MID,4.8,Available,Jan 04 2022 21:08:53 GMT+0600,100,Jan 04 2022 21:08:53 GMT+1028,-0.2
Varane,MUN,DEF,5.5,Injured,Jan 04 2022 21:08:53 GMT+0600,50,Jan 04 2022 21:08:53 GMT+1029,0
Ronaldo,MUN,FWD,12.5,Available,Jan 04 2022 21:08:53 GMT+0600,100,Jan 04 2022 21:08:53 GMT+1030,0
Jones,MUN,DEF,4.5,Available,Jan 04 2022 21:08:53 GMT+0600,100,Jan 04 2022 21:08:53 GMT+1031,0
Diallo,MUN,MID,5,Available,Jan 04 2022 21:08:53 GMT+0600,100,Jan 04 2022 21:08:53 GMT+1032,0
Willock,NEW,MID,5.7,Available,Jan 04 2022 21:08:53 GMT+0600,100,Jan 04 2022 21:08:53 GMT+1033,0.2
Shelvey,NEW,MID,5.3,Doubtful,Jan 04 2022 21:08:53 GMT+0600,75,Jan 04 2022 21:08:53 GMT+1034,-0.2
Ritchie,NEW,DEF,4.9,Available,Jan 04 2022 21:08:53 GMT+0600,100,Jan 04 2022 21:08:53 GMT+1035,-0.1
Clark,NEW,DEF,4.4,Available,Jan 04 2022 21:08:53 GMT+0600,100,Jan 04 2022 21:08:53 GMT+1036,-0.1
Darlow,NEW,GKP,4.5,Available,Jan 04 2022 21:08:53 GMT+0600,100,Jan 04 2022 21:08:53 GMT+1037,0
Dubravka,NEW,GKP,4.4,Available,Jan 04 2022 21:08:53 GMT+0600,100,Jan 04 2022 21:08:53 GMT+1038,-0.1
Wilson,NEW,FWD,7.4,Available,Jan 04 2022 21:08:53 GMT+0600,100,Jan 04 2022 21:08:53 GMT+1039,-0.1
Hendrick,NEW,MID,4.8,Available,Jan 04 2022 21:08:53 GMT+0600,100,Jan 04 2022 21:08:53 GMT+1040,-0.2
Fraser,NEW,MID,5.3,Available,Jan 04 2022 21:08:53 GMT+0600,100,Jan 04 2022 21:08:53 GMT+1041,-0.2
Lascelles,NEW,DEF,4.4,Available,Jan 04 2022 21:08:53 GMT+0600,100,Jan 04 2022 21:08:53 GMT+1042,-0.1
Gayle,NEW,FWD,5.2,Available,Jan 04 2022 21:08:53 GMT+0600,100,Jan 04 2022 21:08:53 GMT+1043,0.2
Dummett,NEW,DEF,4.5,Injured,Jan 04 2022 21:08:53 GMT+0600,50,Jan 04 2022 21:08:53 GMT+1044,0
Manquillo,NEW,DEF,3.9,Doubtful,Jan 04 2022 21:08:53 GMT+0600,75,Jan 04 2022 21:08:53 GMT+1045,-0.1
Krafth,NEW,DEF,4.3,Available,Jan 04 2022 21:08:53 GMT+0600,100,Jan 04 2022 21:08:53 GMT+1046,-0.2
Murphy,NEW,MID,4.7,Available,Jan 04 2022 21:08:53 GMT+0600,100,Jan 04 2022 21:08:53 GMT+1047,0.2
Schär,NEW,DEF,4.3,Available,Jan 04 2022 21:08:53 GMT+0600,100,Jan 04 2022 21:08:53 GMT+1048,-0.2
Hayden,NEW,MID,4.5,Suspended,Jan 04 2022 21:08:53 GMT+0600,FALSE,Jan 04 2022 21:08:53 GMT+1049,0
Saint-Maximin,NEW,FWD,6.6,Available,Jan 04 2022 21:08:53 GMT+0600,100,Jan 04 2022 21:08:53 GMT+1050,0.1
Almirón,NEW,MID,5.1,Available,Jan 04 2022 21:08:53 GMT+0600,100,Jan 04 2022 21:08:53 GMT+1051,0.1
S.Longstaff,NEW,MID,4.5,Available,Jan 04 2022 21:08:53 GMT+0600,100,Jan 04 2022 21:08:53 GMT+1052,0
Joelinton,NEW,FWD,5.8,Available,Jan 04 2022 21:08:53 GMT+0600,100,Jan 04 2022 21:08:53 GMT+1053,-0.2
Lewis,NEW,DEF,4.2,Injured,Jan 04 2022 21:08:53 GMT+0600,50,Jan 04 2022 21:08:53 GMT+1054,0.2
M.Longstaff,NEW,MID,4.5,NotAvail,Jan 04 2022 21:08:53 GMT+0600,0,Jan 04 2022 21:08:53 GMT+1055,0
Fernández,NEW,DEF,4.3,Injured,Jan 04 2022 21:08:53 GMT+0600,50,Jan 04 2022 21:08:53 GMT+1056,-0.2
Woodman,NEW,GKP,4.4,Available,Jan 04 2022 21:08:53 GMT+0600,100,Jan 04 2022 21:08:53 GMT+1057,-0.1
Gillespie,NEW,GKP,4,Available,Jan 04 2022 21:08:53 GMT+0600,100,Jan 04 2022 21:08:53 GMT+1058,0
White,NEW,MID,4.4,Available,Jan 04 2022 21:08:53 GMT+0600,100,Jan 04 2022 21:08:53 GMT+1059,-0.1
Anderson,NEW,MID,4.5,Available,Jan 04 2022 21:08:53 GMT+0600,100,Jan 04 2022 21:08:53 GMT+1060,0
Gilmour,NOR,MID,4.4,Available,Jan 04 2022 21:08:53 GMT+0600,100,Jan 04 2022 21:08:53 GMT+1061,-0.1
Williams,NOR,DEF,3.9,Available,Jan 04 2022 21:08:53 GMT+0600,100,Jan 04 2022 21:08:53 GMT+1062,-0.1
McGovern,NOR,GKP,4,Available,Jan 04 2022 21:08:53 GMT+0600,100,Jan 04 2022 21:08:53 GMT+1063,0
Krul,NOR,GKP,4.5,Available,Jan 04 2022 21:08:53 GMT+0600,100,Jan 04 2022 21:08:53 GMT+1064,0
Pukki,NOR,FWD,5.9,Available,Jan 04 2022 21:08:53 GMT+0600,100,Jan 04 2022 21:08:53 GMT+1065,-0.1
Stiepermann,NOR,MID,5,NotAvail,Jan 04 2022 21:08:53 GMT+0600,0,Jan 04 2022 21:08:53 GMT+1066,0
Rupp,NOR,MID,4.4,Doubtful,Jan 04 2022 21:08:53 GMT+0600,75,Jan 04 2022 21:08:53 GMT+1067,-0.1
McLean,NOR,MID,4.9,Available,Jan 04 2022 21:08:53 GMT+0600,100,Jan 04 2022 21:08:53 GMT+1068,-0.1
Hanley,NOR,DEF,4.4,Injured,Jan 04 2022 21:08:53 GMT+0600,50,Jan 04 2022 21:08:53 GMT+1069,-0.1
Hernández,NOR,MID,4.9,NotAvail,Jan 04 2022 21:08:53 GMT+0600,0,Jan 04 2022 21:08:53 GMT+1070,-0.1
Byram,NOR,DEF,4.4,Available,Jan 04 2022 21:08:53 GMT+0600,100,Jan 04 2022 21:08:53 GMT+1071,-0.1
Hugill,NOR,FWD,5.4,NotAvail,Jan 04 2022 21:08:53 GMT+0600,0,Jan 04 2022 21:08:53 GMT+1072,-0.1
Dowell,NOR,MID,5.1,Available,Jan 04 2022 21:08:53 GMT+0600,100,Jan 04 2022 21:08:53 GMT+1073,0.1
Zimmermann,NOR,DEF,4.4,Injured,Jan 04 2022 21:08:53 GMT+0600,50,Jan 04 2022 21:08:53 GMT+1074,-0.1
Cantwell,NOR,MID,5.3,Available,Jan 04 2022 21:08:53 GMT+0600,100,Jan 04 2022 21:08:53 GMT+1075,-0.2
Aarons,NOR,DEF,4.3,Available,Jan 04 2022 21:08:53 GMT+0600,100,Jan 04 2022 21:08:53 GMT+1076,-0.2
Sørensen,NOR,DEF,4.3,Available,Jan 04 2022 21:08:53 GMT+0600,100,Jan 04 2022 21:08:53 GMT+1077,-0.2
Placheta,NOR,MID,4.7,Available,Jan 04 2022 21:08:53 GMT+0600,100,Jan 04 2022 21:08:53 GMT+1078,0.2
Idah,NOR,FWD,4.9,Available,Jan 04 2022 21:08:53 GMT+0600,100,Jan 04 2022 21:08:53 GMT+1079,-0.1
Martin,NOR,MID,5,NotAvail,Jan 04 2022 21:08:53 GMT+0600,0,Jan 04 2022 21:08:53 GMT+1080,0
Omobamidele,NOR,DEF,3.9,Injured,Jan 04 2022 21:08:53 GMT+0600,50,Jan 04 2022 21:08:53 GMT+1081,-0.1
Gunn,NOR,GKP,4,Available,Jan 04 2022 21:08:53 GMT+0600,100,Jan 04 2022 21:08:53 GMT+1082,0
Rashica,NOR,MID,5.2,Doubtful,Jan 04 2022 21:08:53 GMT+0600,75,Jan 04 2022 21:08:53 GMT+1083,0.2
Gibson,NOR,DEF,4.4,Available,Jan 04 2022 21:08:53 GMT+0600,100,Jan 04 2022 21:08:53 GMT+1084,-0.1
Giannoulis,NOR,DEF,4.4,Available,Jan 04 2022 21:08:53 GMT+0600,100,Jan 04 2022 21:08:53 GMT+1085,-0.1
Lees-Melou,NOR,MID,4.8,Doubtful,Jan 04 2022 21:08:53 GMT+0600,75,Jan 04 2022 21:08:53 GMT+1086,-0.2
Mumba,NOR,DEF,3.9,Available,Jan 04 2022 21:08:53 GMT+0600,100,Jan 04 2022 21:08:53 GMT+1087,-0.1
Sargent,NOR,FWD,5.4,Doubtful,Jan 04 2022 21:08:53 GMT+0600,75,Jan 04 2022 21:08:53 GMT+1088,-0.1
Tzolis,NOR,MID,4.8,Doubtful,Jan 04 2022 21:08:53 GMT+0600,75,Jan 04 2022 21:08:53 GMT+1089,-0.2
Kabak,NOR,DEF,4.4,Doubtful,Jan 04 2022 21:08:53 GMT+0600,75,Jan 04 2022 21:08:53 GMT+1090,-0.1
Normann,NOR,MID,4.5,Doubtful,Jan 04 2022 21:08:53 GMT+0600,75,Jan 04 2022 21:08:53 GMT+1091,0
Tomkinson,NOR,DEF,4,Available,Jan 04 2022 21:08:53 GMT+0600,100,Jan 04 2022 21:08:53 GMT+1092,0
Rowe,NOR,MID,4.5,Available,Jan 04 2022 21:08:53 GMT+0600,100,Jan 04 2022 21:08:53 GMT+1093,0
Dickson-Peters,NOR,FWD,4.5,Available,Jan 04 2022 21:08:53 GMT+0600,100,Jan 04 2022 21:08:53 GMT+1094,0
Walcott,SOU,MID,5.8,Available,Jan 04 2022 21:08:53 GMT+0600,100,Jan 04 2022 21:08:53 GMT+1095,-0.2
Forster,SOU,GKP,4.4,Injured,Jan 04 2022 21:08:53 GMT+0600,50,Jan 04 2022 21:08:53 GMT+1096,-0.1
McCarthy,SOU,GKP,4.5,Injured,Jan 04 2022 21:08:53 GMT+0600,50,Jan 04 2022 21:08:53 GMT+1097,0
Romeu,SOU,MID,4.5,Available,Jan 04 2022 21:08:53 GMT+0600,100,Jan 04 2022 21:08:53 GMT+1098,0
Redmond,SOU,MID,5.9,Available,Jan 04 2022 21:08:53 GMT+0600,100,Jan 04 2022 21:08:53 GMT+1099,-0.1
Stephens,SOU,DEF,4.4,Available,Jan 04 2022 21:08:53 GMT+0600,100,Jan 04 2022 21:08:53 GMT+1100,-0.1
S.Armstrong,SOU,MID,5.8,Injured,Jan 04 2022 21:08:53 GMT+0600,50,Jan 04 2022 21:08:53 GMT+1101,-0.2
Ward-Prowse,SOU,MID,6.3,Available,Jan 04 2022 21:08:53 GMT+0600,100,Jan 04 2022 21:08:53 GMT+1102,-0.2
Walker-Peters,SOU,DEF,4.8,Available,Jan 04 2022 21:08:53 GMT+0600,100,Jan 04 2022 21:08:53 GMT+1103,-0.2
Bednarek,SOU,DEF,4.4,Available,Jan 04 2022 21:08:53 GMT+0600,100,Jan 04 2022 21:08:53 GMT+1104,-0.1
Nlundulu,SOU,FWD,4.5,NotAvail,Jan 04 2022 21:08:53 GMT+0600,0,Jan 04 2022 21:08:53 GMT+1105,0
Adams,SOU,FWD,6.8,Injured,Jan 04 2022 21:08:53 GMT+0600,50,Jan 04 2022 21:08:53 GMT+1106,-0.2
Tella,SOU,MID,4.7,Available,Jan 04 2022 21:08:53 GMT+0600,100,Jan 04 2022 21:08:53 GMT+1107,0.2
Smallbone,SOU,MID,4.5,Available,Jan 04 2022 21:08:53 GMT+0600,100,Jan 04 2022 21:08:53 GMT+1108,0
Obafemi,SOU,FWD,4.5,NotAvail,Jan 04 2022 21:08:53 GMT+0600,0,Jan 04 2022 21:08:53 GMT+1109,0
Diallo,SOU,MID,4.5,Available,Jan 04 2022 21:08:53 GMT+0600,100,Jan 04 2022 21:08:53 GMT+1110,0
Djenepo,SOU,MID,5.2,Available,Jan 04 2022 21:08:53 GMT+0600,100,Jan 04 2022 21:08:53 GMT+1111,0.2
Salisu,SOU,DEF,4.5,Available,Jan 04 2022 21:08:53 GMT+0600,100,Jan 04 2022 21:08:53 GMT+1112,0
Perraud,SOU,DEF,4.8,Available,Jan 04 2022 21:08:53 GMT+0600,100,Jan 04 2022 21:08:53 GMT+1113,-0.2
Livramento,SOU,DEF,4.4,Available,Jan 04 2022 21:08:53 GMT+0600,100,Jan 04 2022 21:08:53 GMT+1114,-0.1
Elyounoussi,SOU,MID,5.4,Available,Jan 04 2022 21:08:53 GMT+0600,100,Jan 04 2022 21:08:53 GMT+1115,-0.1
Broja,SOU,FWD,5.1,Available,Jan 04 2022 21:08:53 GMT+0600,100,Jan 04 2022 21:08:53 GMT+1116,0.1
Long,SOU,FWD,5.4,Available,Jan 04 2022 21:08:53 GMT+0600,100,Jan 04 2022 21:08:53 GMT+1117,-0.1
A.Armstrong,SOU,FWD,5.8,Injured,Jan 04 2022 21:08:53 GMT+0600,50,Jan 04 2022 21:08:53 GMT+1118,-0.2
Valery,SOU,DEF,3.9,Available,Jan 04 2022 21:08:53 GMT+0600,100,Jan 04 2022 21:08:53 GMT+1119,-0.1
Lyanco,SOU,DEF,4.4,Available,Jan 04 2022 21:08:53 GMT+0600,100,Jan 04 2022 21:08:53 GMT+1120,-0.1
Lewis,SOU,GKP,4,Available,Jan 04 2022 21:08:53 GMT+0600,100,Jan 04 2022 21:08:53 GMT+1121,0
Caballero,SOU,GKP,4.5,Available,Jan 04 2022 21:08:53 GMT+0600,100,Jan 04 2022 21:08:53 GMT+1122,0
Hart,TOT,GKP,4.5,NotAvail,Jan 04 2022 21:08:53 GMT+0600,0,Jan 04 2022 21:08:53 GMT+1123,0
Lloris,TOT,GKP,5.4,Available,Jan 04 2022 21:08:53 GMT+0600,100,Jan 04 2022 21:08:53 GMT+1124,-0.1
Alderweireld,TOT,DEF,5,NotAvail,Jan 04 2022 21:08:53 GMT+0600,0,Jan 04 2022 21:08:53 GMT+1125,0
Lamela,TOT,MID,6,NotAvail,Jan 04 2022 21:08:53 GMT+0600,0,Jan 04 2022 21:08:53 GMT+1126,0
Kane,TOT,FWD,12.1,Available,Jan 04 2022 21:08:53 GMT+0600,100,Jan 04 2022 21:08:53 GMT+1127,0.1
Aurier,TOT,DEF,4.9,NotAvail,Jan 04 2022 21:08:53 GMT+0600,0,Jan 04 2022 21:08:53 GMT+1128,-0.1
Son,TOT,MID,10.3,Available,Jan 04 2022 21:08:53 GMT+0600,100,Jan 04 2022 21:08:53 GMT+1129,-0.2
Doherty,TOT,DEF,4.7,Available,Jan 04 2022 21:08:53 GMT+0600,100,Jan 04 2022 21:08:53 GMT+1130,0.2
Dier,TOT,DEF,4.5,Available,Jan 04 2022 21:08:53 GMT+0600,100,Jan 04 2022 21:08:53 GMT+1131,0
Lucas Moura,TOT,MID,6.4,Available,Jan 04 2022 21:08:53 GMT+0600,100,Jan 04 2022 21:08:53 GMT+1132,-0.1
Dele,TOT,MID,6.2,Available,Jan 04 2022 21:08:53 GMT+0600,100,Jan 04 2022 21:08:53 GMT+1133,0.2
Davies,TOT,DEF,4.5,Available,Jan 04 2022 21:08:53 GMT+0600,100,Jan 04 2022 21:08:53 GMT+1134,0
Højbjerg,TOT,MID,5,Available,Jan 04 2022 21:08:53 GMT+0600,100,Jan 04 2022 21:08:53 GMT+1135,0
Winks,TOT,MID,4.4,Available,Jan 04 2022 21:08:53 GMT+0600,100,Jan 04 2022 21:08:53 GMT+1136,-0.1
Sánchez,TOT,DEF,4.5,Available,Jan 04 2022 21:08:53 GMT+0600,100,Jan 04 2022 21:08:53 GMT+1137,0
Sessegnon,TOT,DEF,4.3,Available,Jan 04 2022 21:08:53 GMT+0600,100,Jan 04 2022 21:08:53 GMT+1138,-0.2
Bergwijn,TOT,MID,5.9,Available,Jan 04 2022 21:08:53 GMT+0600,100,Jan 04 2022 21:08:53 GMT+1139,-0.1
Reguilón,TOT,DEF,5.2,Available,Jan 04 2022 21:08:53 GMT+0600,100,Jan 04 2022 21:08:53 GMT+1140,0.2
Tanganga,TOT,DEF,4.2,Available,Jan 04 2022 21:08:53 GMT+0600,100,Jan 04 2022 21:08:53 GMT+1141,0.2
Lo Celso,TOT,MID,5.9,Available,Jan 04 2022 21:08:53 GMT+0600,100,Jan 04 2022 21:08:53 GMT+1142,-0.1
Skipp,TOT,MID,4.5,Available,Jan 04 2022 21:08:53 GMT+0600,100,Jan 04 2022 21:08:53 GMT+1143,0
Rodon,TOT,DEF,4.3,Available,Jan 04 2022 21:08:53 GMT+0600,100,Jan 04 2022 21:08:53 GMT+1144,-0.2
Ndombele,TOT,MID,5.7,Available,Jan 04 2022 21:08:53 GMT+0600,100,Jan 04 2022 21:08:53 GMT+1145,0.2
Gollini,TOT,GKP,4.3,Available,Jan 04 2022 21:08:53 GMT+0600,100,Jan 04 2022 21:08:53 GMT+1146,-0.2
Bryan,TOT,MID,5.7,Available,Jan 04 2022 21:08:53 GMT+0600,100,Jan 04 2022 21:08:53 GMT+1147,0.2
Romero,TOT,DEF,4.9,Injured,Jan 04 2022 21:08:53 GMT+0600,50,Jan 04 2022 21:08:53 GMT+1148,-0.1
Scarlett,TOT,FWD,4.5,Available,Jan 04 2022 21:08:53 GMT+0600,100,Jan 04 2022 21:08:53 GMT+1149,0
Emerson Royal,TOT,DEF,4.9,Available,Jan 04 2022 21:08:53 GMT+0600,100,Jan 04 2022 21:08:53 GMT+1150,-0.1
Markanday,TOT,MID,4.5,Available,Jan 04 2022 21:08:53 GMT+0600,100,Jan 04 2022 21:08:53 GMT+1151,0
Omole,TOT,DEF,4,Available,Jan 04 2022 21:08:53 GMT+0600,100,Jan 04 2022 21:08:53 GMT+1152,0
Austin,TOT,GKP,4,Available,Jan 04 2022 21:08:53 GMT+0600,100,Jan 04 2022 21:08:53 GMT+1153,0
Sissoko,WAT,MID,4.5,Available,Jan 04 2022 21:08:53 GMT+0600,100,Jan 04 2022 21:08:53 GMT+1154,0
Foster,WAT,GKP,4.1,Injured,Jan 04 2022 21:08:53 GMT+0600,50,Jan 04 2022 21:08:53 GMT+1155,0.1
Rose,WAT,DEF,4.2,Available,Jan 04 2022 21:08:53 GMT+0600,100,Jan 04 2022 21:08:53 GMT+1156,0.2
Gosling,WAT,MID,4.7,Available,Jan 04 2022 21:08:53 GMT+0600,100,Jan 04 2022 21:08:53 GMT+1157,0.2
Cathcart,WAT,DEF,4.3,Available,Jan 04 2022 21:08:53 GMT+0600,100,Jan 04 2022 21:08:53 GMT+1158,-0.2
Deeney,WAT,FWD,5.4,NotAvail,Jan 04 2022 21:08:53 GMT+0600,0,Jan 04 2022 21:08:53 GMT+1159,-0.1
Cleverley,WAT,MID,4.8,Available,Jan 04 2022 21:08:53 GMT+0600,100,Jan 04 2022 21:08:53 GMT+1160,-0.2
Femenía,WAT,DEF,4.3,Available,Jan 04 2022 21:08:53 GMT+0600,100,Jan 04 2022 21:08:53 GMT+1161,-0.2
Gray,WAT,FWD,5.4,NotAvail,Jan 04 2022 21:08:53 GMT+0600,0,Jan 04 2022 21:08:53 GMT+1162,-0.1
Kabasele,WAT,DEF,4.3,Injured,Jan 04 2022 21:08:53 GMT+0600,50,Jan 04 2022 21:08:53 GMT+1163,-0.2
Chalobah,WAT,MID,5,NotAvail,Jan 04 2022 21:08:53 GMT+0600,0,Jan 04 2022 21:08:53 GMT+1164,0
Troost-Ekong,WAT,DEF,4.3,Available,Jan 04 2022 21:08:53 GMT+0600,100,Jan 04 2022 21:08:53 GMT+1165,-0.2
Perica,WAT,FWD,4.5,NotAvail,Jan 04 2022 21:08:53 GMT+0600,0,Jan 04 2022 21:08:53 GMT+1166,0
Bachmann,WAT,GKP,4.2,Available,Jan 04 2022 21:08:53 GMT+0600,100,Jan 04 2022 21:08:53 GMT+1167,0.2
Masina,WAT,DEF,4.3,Doubtful,Jan 04 2022 21:08:53 GMT+0600,75,Jan 04 2022 21:08:53 GMT+1168,-0.2
Sema,WAT,MID,5.2,Available,Jan 04 2022 21:08:53 GMT+0600,100,Jan 04 2022 21:08:53 GMT+1169,0.2
Zinckernagel,WAT,MID,5.5,NotAvail,Jan 04 2022 21:08:53 GMT+0600,0,Jan 04 2022 21:08:53 GMT+1170,0
Success,WAT,FWD,5,NotAvail,Jan 04 2022 21:08:53 GMT+0600,0,Jan 04 2022 21:08:53 GMT+1171,0
Dele-Bashiru,WAT,MID,4.5,NotAvail,Jan 04 2022 21:08:53 GMT+0600,0,Jan 04 2022 21:08:53 GMT+1172,0
Fletcher,WAT,FWD,4.9,Available,Jan 04 2022 21:08:53 GMT+0600,100,Jan 04 2022 21:08:53 GMT+1173,-0.1
Sierralta,WAT,DEF,4.3,Doubtful,Jan 04 2022 21:08:53 GMT+0600,75,Jan 04 2022 21:08:53 GMT+1174,-0.2
Quina,WAT,MID,4.5,NotAvail,Jan 04 2022 21:08:53 GMT+0600,0,Jan 04 2022 21:08:53 GMT+1175,0
Navarro,WAT,DEF,4,NotAvail,Jan 04 2022 21:08:53 GMT+0600,0,Jan 04 2022 21:08:53 GMT+1176,0
Sarr,WAT,MID,5.8,Injured,Jan 04 2022 21:08:53 GMT+0600,50,Jan 04 2022 21:08:53 GMT+1177,-0.2
Ngakia,WAT,DEF,4.3,Available,Jan 04 2022 21:08:53 GMT+0600,100,Jan 04 2022 21:08:53 GMT+1178,-0.2
Wilmot,WAT,DEF,4.5,NotAvail,Jan 04 2022 21:08:53 GMT+0600,0,Jan 04 2022 21:08:53 GMT+1179,0
Hungbo,WAT,MID,4.5,NotAvail,Jan 04 2022 21:08:53 GMT+0600,0,Jan 04 2022 21:08:53 GMT+1180,0
Louza,WAT,MID,5.2,Available,Jan 04 2022 21:08:53 GMT+0600,100,Jan 04 2022 21:08:53 GMT+1181,0.2
João Pedro,WAT,FWD,5.4,Available,Jan 04 2022 21:08:53 GMT+0600,100,Jan 04 2022 21:08:53 GMT+1182,-0.1
Baah,WAT,MID,4.4,Injured,Jan 04 2022 21:08:53 GMT+0600,50,Jan 04 2022 21:08:53 GMT+1183,-0.1
Dennis,WAT,FWD,6,Available,Jan 04 2022 21:08:53 GMT+0600,100,Jan 04 2022 21:08:53 GMT+1184,0
Pollock,WAT,DEF,4,NotAvail,Jan 04 2022 21:08:53 GMT+0600,0,Jan 04 2022 21:08:53 GMT+1185,0
Etebo,WAT,MID,4.4,Injured,Jan 04 2022 21:08:53 GMT+0600,50,Jan 04 2022 21:08:53 GMT+1186,-0.1
King,WAT,FWD,5.8,Available,Jan 04 2022 21:08:53 GMT+0600,100,Jan 04 2022 21:08:53 GMT+1187,-0.2
Mebude,WAT,FWD,4.5,NotAvail,Jan 04 2022 21:08:53 GMT+0600,0,Jan 04 2022 21:08:53 GMT+1188,0
Cucho,WAT,FWD,5,Available,Jan 04 2022 21:08:53 GMT+0600,100,Jan 04 2022 21:08:53 GMT+1189,0
Kucka,WAT,MID,5.5,Available,Jan 04 2022 21:08:53 GMT+0600,100,Jan 04 2022 21:08:53 GMT+1190,0
Tufan,WAT,MID,5,Available,Jan 04 2022 21:08:53 GMT+0600,100,Jan 04 2022 21:08:53 GMT+1191,0
Elliot,WAT,GKP,4,Available,Jan 04 2022 21:08:53 GMT+0600,100,Jan 04 2022 21:08:53 GMT+1192,0
Nkoulou,WAT,DEF,4.4,Injured,Jan 04 2022 21:08:53 GMT+0600,50,Jan 04 2022 21:08:53 GMT+1193,-0.1
Morris,WAT,DEF,4,Available,Jan 04 2022 21:08:53 GMT+0600,100,Jan 04 2022 21:08:53 GMT+1194,0
Angelini,WAT,GKP,4,Available,Jan 04 2022 21:08:53 GMT+0600,100,Jan 04 2022 21:08:53 GMT+1195,0
Zouma,WHU,DEF,5.4,Doubtful,Jan 04 2022 21:08:53 GMT+0600,75,Jan 04 2022 21:08:53 GMT+1196,-0.1
Noble,WHU,MID,4.4,Available,Jan 04 2022 21:08:53 GMT+0600,100,Jan 04 2022 21:08:53 GMT+1197,-0.1
Randolph,WHU,GKP,4.4,Available,Jan 04 2022 21:08:53 GMT+0600,100,Jan 04 2022 21:08:53 GMT+1198,-0.1
Fabianski,WHU,GKP,5,Available,Jan 04 2022 21:08:53 GMT+0600,100,Jan 04 2022 21:08:53 GMT+1199,0
Ogbonna,WHU,DEF,4.9,Injured,Jan 04 2022 21:08:53 GMT+0600,50,Jan 04 2022 21:08:53 GMT+1200,-0.1
Reid,WHU,DEF,3.9,NotAvail,Jan 04 2022 21:08:53 GMT+0600,0,Jan 04 2022 21:08:53 GMT+1201,-0.1
Cresswell,WHU,DEF,5.3,Doubtful,Jan 04 2022 21:08:53 GMT+0600,75,Jan 04 2022 21:08:53 GMT+1202,-0.2
Yarmolenko,WHU,MID,5.1,Available,Jan 04 2022 21:08:53 GMT+0600,100,Jan 04 2022 21:08:53 GMT+1203,0.1
Antonio,WHU,FWD,7.8,Available,Jan 04 2022 21:08:53 GMT+0600,100,Jan 04 2022 21:08:53 GMT+1204,-0.2
Dawson,WHU,DEF,4.9,Available,Jan 04 2022 21:08:53 GMT+0600,100,Jan 04 2022 21:08:53 GMT+1205,-0.1
Fredericks,WHU,DEF,4.4,Doubtful,Jan 04 2022 21:08:53 GMT+0600,75,Jan 04 2022 21:08:53 GMT+1206,-0.1
Lanzini,WHU,MID,5.8,Available,Jan 04 2022 21:08:53 GMT+0600,100,Jan 04 2022 21:08:53 GMT+1207,-0.2
Masuaku,WHU,DEF,4.4,Available,Jan 04 2022 21:08:53 GMT+0600,100,Jan 04 2022 21:08:53 GMT+1208,-0.1
Coufal,WHU,DEF,4.7,Available,Jan 04 2022 21:08:53 GMT+0600,100,Jan 04 2022 21:08:53 GMT+1209,0.2
Benrahma,WHU,MID,5.9,Available,Jan 04 2022 21:08:53 GMT+0600,100,Jan 04 2022 21:08:53 GMT+1210,-0.1
Bowen,WHU,MID,6.5,Available,Jan 04 2022 21:08:53 GMT+0600,100,Jan 04 2022 21:08:53 GMT+1211,0
Rice,WHU,MID,5.1,Available,Jan 04 2022 21:08:53 GMT+0600,100,Jan 04 2022 21:08:53 GMT+1212,0.1
Soucek,WHU,MID,5.7,Available,Jan 04 2022 21:08:53 GMT+0600,100,Jan 04 2022 21:08:53 GMT+1213,0.2
Fornals,WHU,MID,6,Available,Jan 04 2022 21:08:53 GMT+0600,100,Jan 04 2022 21:08:53 GMT+1214,0
Diop,WHU,DEF,4.3,Available,Jan 04 2022 21:08:53 GMT+0600,100,Jan 04 2022 21:08:53 GMT+1215,-0.2
Johnson,WHU,DEF,4,Doubtful,Jan 04 2022 21:08:53 GMT+0600,75,Jan 04 2022 21:08:53 GMT+1216,0
Areola,WHU,GKP,4.7,Available,Jan 04 2022 21:08:53 GMT+0600,100,Jan 04 2022 21:08:53 GMT+1217,0.2
Alves,WHU,DEF,4,NotAvail,Jan 04 2022 21:08:53 GMT+0600,0,Jan 04 2022 21:08:53 GMT+1218,0
Coventry,WHU,MID,4.5,NotAvail,Jan 04 2022 21:08:53 GMT+0600,0,Jan 04 2022 21:08:53 GMT+1219,0
Baptiste,WHU,DEF,4,Available,Jan 04 2022 21:08:53 GMT+0600,100,Jan 04 2022 21:08:53 GMT+1220,0
Vlasic,WHU,MID,5.7,Available,Jan 04 2022 21:08:53 GMT+0600,100,Jan 04 2022 21:08:53 GMT+1221,0.2
Kral,WHU,MID,4.4,Available,Jan 04 2022 21:08:53 GMT+0600,100,Jan 04 2022 21:08:53 GMT+1222,-0.1
Ashby,WHU,DEF,4,Available,Jan 04 2022 21:08:53 GMT+0600,100,Jan 04 2022 21:08:53 GMT+1223,0
Perkins,WHU,MID,4.5,Available,Jan 04 2022 21:08:53 GMT+0600,100,Jan 04 2022 21:08:53 GMT+1224,0
Alese,WHU,DEF,4,Available,Jan 04 2022 21:08:53 GMT+0600,100,Jan 04 2022 21:08:53 GMT+1225,0
Oko-Flex,WHU,MID,4.5,Available,Jan 04 2022 21:08:53 GMT+0600,100,Jan 04 2022 21:08:53 GMT+1226,0
Moutinho,WOL,MID,4.9,Available,Jan 04 2022 21:08:53 GMT+0600,100,Jan 04 2022 21:08:53 GMT+1227,-0.1
Patrício,WOL,GKP,5,NotAvail,Jan 04 2022 21:08:53 GMT+0600,0,Jan 04 2022 21:08:53 GMT+1228,0
Boly,WOL,DEF,4.9,Available,Jan 04 2022 21:08:53 GMT+0600,100,Jan 04 2022 21:08:53 GMT+1229,-0.1
Coady,WOL,DEF,4.5,Available,Jan 04 2022 21:08:53 GMT+0600,100,Jan 04 2022 21:08:53 GMT+1230,0
Jiménez,WOL,FWD,7.5,Available,Jan 04 2022 21:08:53 GMT+0600,100,Jan 04 2022 21:08:53 GMT+1231,0
Saïss,WOL,DEF,5,Available,Jan 04 2022 21:08:53 GMT+0600,100,Jan 04 2022 21:08:53 GMT+1232,0
Marçal,WOL,DEF,4.2,Available,Jan 04 2022 21:08:53 GMT+0600,100,Jan 04 2022 21:08:53 GMT+1233,0.2
Jonny,WOL,DEF,4.5,Injured,Jan 04 2022 21:08:53 GMT+0600,50,Jan 04 2022 21:08:53 GMT+1234,0
Dendoncker,WOL,MID,4.8,Available,Jan 04 2022 21:08:53 GMT+0600,100,Jan 04 2022 21:08:53 GMT+1235,-0.2
Traoré,WOL,MID,5.7,Available,Jan 04 2022 21:08:53 GMT+0600,100,Jan 04 2022 21:08:53 GMT+1236,0.2
Neves,WOL,MID,5.3,Available,Jan 04 2022 21:08:53 GMT+0600,100,Jan 04 2022 21:08:53 GMT+1237,-0.2
Semedo,WOL,DEF,4.8,Available,Jan 04 2022 21:08:53 GMT+0600,100,Jan 04 2022 21:08:53 GMT+1238,-0.2
Podence,WOL,MID,5.5,Available,Jan 04 2022 21:08:53 GMT+0600,100,Jan 04 2022 21:08:53 GMT+1239,0
Kilman,WOL,DEF,4.5,Available,Jan 04 2022 21:08:53 GMT+0600,100,Jan 04 2022 21:08:53 GMT+1240,0
Gibbs-White,WOL,MID,4.5,NotAvail,Jan 04 2022 21:08:53 GMT+0600,0,Jan 04 2022 21:08:53 GMT+1241,0
Neto,WOL,MID,6.4,Injured,Jan 04 2022 21:08:53 GMT+0600,50,Jan 04 2022 21:08:53 GMT+1242,-0.1
Otasowie,WOL,MID,4.5,NotAvail,Jan 04 2022 21:08:53 GMT+0600,0,Jan 04 2022 21:08:53 GMT+1243,0
Hoever,WOL,DEF,3.9,Available,Jan 04 2022 21:08:53 GMT+0600,100,Jan 04 2022 21:08:53 GMT+1244,-0.1
Söndergaard,WOL,GKP,4,NotAvail,Jan 04 2022 21:08:53 GMT+0600,0,Jan 04 2022 21:08:53 GMT+1245,0
Fabio Silva,WOL,FWD,5.6,Doubtful,Jan 04 2022 21:08:53 GMT+0600,75,Jan 04 2022 21:08:53 GMT+1246,0.1
Mosquera,WOL,DEF,4.4,Injured,Jan 04 2022 21:08:53 GMT+0600,50,Jan 04 2022 21:08:53 GMT+1247,-0.1
Ruddy,WOL,GKP,4.4,Available,Jan 04 2022 21:08:53 GMT+0600,100,Jan 04 2022 21:08:53 GMT+1248,-0.1
Trincão,WOL,MID,5.6,Available,Jan 04 2022 21:08:53 GMT+0600,100,Jan 04 2022 21:08:53 GMT+1249,0.1
Ait Nouri,WOL,DEF,4.3,Doubtful,Jan 04 2022 21:08:53 GMT+0600,75,Jan 04 2022 21:08:53 GMT+1250,-0.2
Sá,WOL,GKP,5.1,Available,Jan 04 2022 21:08:53 GMT+0600,100,Jan 04 2022 21:08:53 GMT+1251,0.1
Cutrone,WOL,FWD,5,NotAvail,Jan 04 2022 21:08:53 GMT+0600,0,Jan 04 2022 21:08:53 GMT+1252,0
Cundle,WOL,MID,4.5,Available,Jan 04 2022 21:08:53 GMT+0600,100,Jan 04 2022 21:08:53 GMT+1253,0
Campbell,WOL,MID,4.5,Available,Jan 04 2022 21:08:53 GMT+0600,100,Jan 04 2022 21:08:53 GMT+1254,0
Marques,WOL,DEF,4,NotAvail,Jan 04 2022 21:08:53 GMT+0600,0,Jan 04 2022 21:08:53 GMT+1255,0
Hwang,WOL,FWD,5.5,Doubtful,Jan 04 2022 21:08:53 GMT+0600,75,Jan 04 2022 21:08:53 GMT+1256,0
Moulden,WOL,GKP,4,Available,Jan 04 2022 21:08:53 GMT+0600,100,Jan 04 2022 21:08:53 GMT+1257,0
Storer,WOL,GKP,4,Available,Jan 04 2022 21:08:53 GMT+0600,100,Jan 04 2022 21:08:53 GMT+1258,0
Bueno,WOL,DEF,4,Available,Jan 04 2022 21:08:53 GMT+0600,100,Jan 04 2022 21:08:53 GMT+1259,0
Jordão,WOL,MID,4.5,Available,Jan 04 2022 21:08:53 GMT+0600,100,Jan 04 2022 21:08:53 GMT+1260,0
